id_instrumento,produto,lado,tipo_taxa,moeda,prazo_anos,nocional,taxa_cupom
I0001,Credito_Prefixado,Ativo,Prefixada,BRL,1.0,1089894.2217555002,0.1181456342729085
I0002,Credito_Prefixado,Ativo,Prefixada,BRL,1.0,1861214.4465862855,0.1502228283185196
I0003,Credito_Prefixado,Ativo,Prefixada,BRL,0.5,1878617.9105836467,0.1671059316176901
I0004,Credito_Prefixado,Ativo,Prefixada,BRL,10.0,2025645.844889686,0.1370233929111137
I0005,Credito_Prefixado,Ativo,Prefixada,BRL,2.0,1734173.7780626384,0.1036769345515796
I0006,Credito_Prefixado,Ativo,Prefixada,BRL,5.0,1771400.80328649,0.1202986675716084
I0007,Credito_Prefixado,Ativo,Prefixada,BRL,20.0,1560354.894247862,0.1691981702059679
I0008,Credito_Prefixado,Ativo,Prefixada,BRL,7.0,2445593.2233785978,0.0875990882749622
I0009,Credito_Prefixado,Ativo,Prefixada,USD,15.0,2124036.0909948903,0.1107205319383646
I0010,Credito_Prefixado,Ativo,Prefixada,BRL,2.0,1150175.1627459351,0.1114188761328865
I0011,Credito_Prefixado,Ativo,Prefixada,BRL,2.0,1934720.233643132,0.1067160803540513
I0012,Credito_Prefixado,Ativo,Prefixada,BRL,0.5,1700868.8916993255,0.145906365231935
I0013,Credito_Prefixado,Ativo,Prefixada,BRL,1.0,1365933.6955800308,0.0773022352693945
I0014,Credito_Prefixado,Ativo,Prefixada,BRL,5.0,2174179.18143498,0.1048889670865855
I0015,Credito_Prefixado,Ativo,Prefixada,BRL,5.0,1811067.161374228,0.0923953694588542
I0016,Credito_Prefixado,Ativo,Prefixada,BRL,10.0,2426171.5140655325,0.0835485141877838
I0017,Credito_Prefixado,Ativo,Prefixada,BRL,5.0,1475151.8728602554,0.1329742471640524
I0018,Credito_Prefixado,Ativo,Prefixada,USD,10.0,1424844.112731148,0.0536864095884024
I0019,Credito_Prefixado,Ativo,Prefixada,BRL,1.0,2215752.919472837,0.1414939561293122
I0020,Credito_Prefixado,Ativo,Prefixada,BRL,1.0,1267878.3849502334,0.0976779236124454
I0021,Credito_Prefixado,Ativo,Prefixada,BRL,10.0,2461975.9953121115,0.1193047966729167
I0022,Credito_Prefixado,Ativo,Prefixada,USD,7.0,1462466.6063747806,0.1152241129623485
I0023,Credito_Prefixado,Ativo,Prefixada,BRL,0.5,1359018.8357697057,0.1030402264233073
I0024,Credito_Prefixado,Ativo,Prefixada,BRL,1.0,1394073.548258907,0.0922451783265833
I0025,Credito_Prefixado,Ativo,Prefixada,USD,0.5,1189163.9867233525,0.0716457519719571
I0026,Credito_Prefixado,Ativo,Prefixada,BRL,0.25,1853209.9982990911,0.1212517083981174
I0027,Credito_Prefixado,Ativo,Prefixada,USD,20.0,2451687.425889082,0.0738602266929126
I0028,Credito_Prefixado,Ativo,Prefixada,BRL,10.0,1983442.7871880943,0.0859662321526197
I0029,Credito_Prefixado,Ativo,Prefixada,BRL,20.0,1801437.5020891249,0.0947276690340966
I0030,Credito_Prefixado,Ativo,Prefixada,BRL,7.0,1638103.71275011,0.1531099461226429
I0031,Credito_Prefixado,Ativo,Prefixada,BRL,2.0,1188739.869699343,0.1148367170565488
I0032,Credito_Prefixado,Ativo,Prefixada,BRL,7.0,1225704.4494986583,0.1358237192744096
I0033,Credito_Prefixado,Ativo,Prefixada,BRL,5.0,1980754.6538325285,0.1186847210692511
I0034,Credito_Prefixado,Ativo,Prefixada,BRL,10.0,1899066.5634065848,0.1199128519920781
I0035,Credito_Prefixado,Ativo,Prefixada,BRL,10.0,2104372.2815352986,0.0709401860535258
I0036,Credito_Prefixado,Ativo,Prefixada,BRL,0.5,1694656.1891447331,0.119902250345816
I0037,Credito_Prefixado,Ativo,Prefixada,BRL,5.0,2404259.6569970725,0.1165838834281415
I0038,Credito_Prefixado,Ativo,Prefixada,BRL,0.5,1507361.3297979904,0.118019644252643
I0039,Credito_Prefixado,Ativo,Prefixada,BRL,15.0,1116833.6887762905,0.1153893579444749
I0040,Credito_Prefixado,Ativo,Prefixada,BRL,7.0,1891072.407075488,0.1222429624768461
I0041,Credito_Prefixado,Ativo,Prefixada,BRL,5.0,1446167.395951825,0.1420207963251653
I0042,Credito_Prefixado,Ativo,Prefixada,BRL,15.0,2446149.333678809,0.1028596182639642
I0043,Credito_Prefixado,Ativo,Prefixada,BRL,15.0,2296338.859499993,0.0637795267520898
I0044,Credito_Prefixado,Ativo,Prefixada,USD,2.0,1198017.1339357093,0.1851037242879253
I0045,Credito_Prefixado,Ativo,Prefixada,BRL,1.0,1819907.4542717908,0.0641316909596257
I0046,Credito_Prefixado,Ativo,Prefixada,BRL,2.0,2034959.193150232,0.0954999199913183
I0047,Credito_Prefixado,Ativo,Prefixada,BRL,5.0,2384551.348416571,0.0619213569716199
I0048,Credito_Prefixado,Ativo,Prefixada,BRL,0.5,1218697.995156793,0.1077109251325292
I0049,Credito_Prefixado,Ativo,Prefixada,BRL,10.0,1985117.94917434,0.113629853843722
I0050,Credito_Prefixado,Ativo,Prefixada,BRL,2.0,2035741.229815647,0.1153634432643922
I0051,Credito_Prefixado,Ativo,Prefixada,BRL,5.0,2004606.149964632,0.1016615238879911
I0052,Credito_Prefixado,Ativo,Prefixada,BRL,7.0,2229664.595688934,0.1085186330213113
I0053,Credito_Prefixado,Ativo,Prefixada,BRL,7.0,2006353.8806189,0.1103976764868525
I0054,Credito_Prefixado,Ativo,Prefixada,BRL,0.5,1145988.8606813352,0.1048316189216152
I0055,Credito_Prefixado,Ativo,Prefixada,BRL,0.5,1242793.7590166891,0.1001215454947796
I0056,Credito_Prefixado,Ativo,Prefixada,BRL,10.0,1162188.477954689,0.142779078680863
I0057,Credito_Prefixado,Ativo,Prefixada,BRL,20.0,2291608.2254011086,0.1422476999952763
I0058,Credito_Prefixado,Ativo,Prefixada,BRL,15.0,2176210.503723074,0.1254261067924696
I0059,Credito_Prefixado,Ativo,Prefixada,BRL,5.0,2376072.298038382,0.1147737885892106
I0060,Credito_Prefixado,Ativo,Prefixada,BRL,0.25,1763898.9352388058,0.0840687476031541
I0061,Credito_Prefixado,Ativo,Prefixada,BRL,10.0,1844205.1726491265,0.123260967000452
I0062,Credito_Prefixado,Ativo,Prefixada,BRL,10.0,2057660.44564812,0.1279168043403464
I0063,Credito_Prefixado,Ativo,Prefixada,USD,7.0,1795426.7812365785,0.1107523226596477
I0064,Credito_Prefixado,Ativo,Prefixada,BRL,20.0,1594865.910243562,0.1487553857717244
I0065,Credito_Prefixado,Ativo,Prefixada,BRL,15.0,1406311.8599178293,0.0911289301552781
I0066,Credito_Prefixado,Ativo,Prefixada,BRL,7.0,1085958.51713675,0.1686873656427134
I0067,Credito_Prefixado,Ativo,Prefixada,USD,20.0,1311354.759891824,0.1396202892044801
I0068,Credito_Prefixado,Ativo,Prefixada,BRL,10.0,2133108.68675171,0.1131304506314085
I0069,Credito_Prefixado,Ativo,Prefixada,BRL,20.0,1586985.6316511943,0.088869399369879
I0070,Credito_Prefixado,Ativo,Prefixada,BRL,1.0,2198606.7627629605,0.0744483609039718
I0071,Credito_Prefixado,Ativo,Prefixada,BRL,10.0,1992573.789763571,0.113724224396819
I0072,Credito_Prefixado,Ativo,Prefixada,BRL,1.0,2226697.685020712,0.1413092745589973
I0073,Credito_Prefixado,Ativo,Prefixada,BRL,15.0,1280045.1781142077,0.1131923269937455
I0074,Credito_Prefixado,Ativo,Prefixada,BRL,10.0,2304987.333946335,0.1805433167026734
I0075,Credito_Prefixado,Ativo,Prefixada,BRL,0.25,1357437.5758470302,0.0810552296507814
I0076,Credito_Prefixado,Ativo,Prefixada,BRL,5.0,2215650.3460268555,0.107572289275355
I0077,Credito_Prefixado,Ativo,Prefixada,BRL,0.25,2242525.126598299,0.1408665726388263
I0078,Credito_Prefixado,Ativo,Prefixada,BRL,15.0,2401670.6042482127,0.1082109340764819
I0079,Credito_Prefixado,Ativo,Prefixada,BRL,2.0,1448531.736417175,0.0770086569009396
I0080,Credito_Prefixado,Ativo,Prefixada,USD,10.0,2129587.429594587,0.1592055367101704
I0081,Credito_Prefixado,Ativo,Prefixada,USD,2.0,2315374.864866156,0.1030688506852303
I0082,Credito_Prefixado,Ativo,Prefixada,BRL,20.0,2396995.134020504,0.1338090309364854
I0083,Credito_Prefixado,Ativo,Prefixada,BRL,7.0,1915191.539750178,0.1592844102140016
I0084,Credito_Prefixado,Ativo,Prefixada,BRL,0.25,1651470.8009007596,0.1379337265358875
I0085,Credito_Prefixado,Ativo,Prefixada,BRL,20.0,1485579.5815667275,0.1278708107580904
I0086,Credito_Prefixado,Ativo,Prefixada,BRL,20.0,2295559.3448367333,0.0769874899848964
I0087,Credito_Prefixado,Ativo,Prefixada,BRL,0.25,1711288.901796811,0.0974337080507083
I0088,Credito_Prefixado,Ativo,Prefixada,BRL,0.5,1154342.4938653174,0.0888512114896044
I0089,Credito_Prefixado,Ativo,Prefixada,BRL,15.0,1678224.4538508595,0.1119568892092682
I0090,Credito_Prefixado,Ativo,Prefixada,USD,5.0,1164010.9984434664,0.1972207087582011
I0091,Credito_Prefixado,Ativo,Prefixada,BRL,0.25,1510036.484770806,0.118720998130307
I0092,Credito_Prefixado,Ativo,Prefixada,BRL,1.0,2391632.585981831,0.1359017758731338
I0093,Credito_Prefixado,Ativo,Prefixada,BRL,7.0,1648900.3327612262,0.084940747393068
I0094,Credito_Prefixado,Ativo,Prefixada,BRL,15.0,1073892.3489375983,0.0651627234384835
I0095,Credito_Prefixado,Ativo,Prefixada,BRL,7.0,2280280.0610682494,0.1125385701224821
I0096,Credito_Prefixado,Ativo,Prefixada,BRL,0.25,2483131.601424551,0.0881792248130452
I0097,Credito_Prefixado,Ativo,Prefixada,BRL,1.0,2220996.8966395315,0.1747721426063128
I0098,Credito_Prefixado,Ativo,Prefixada,BRL,7.0,1938825.734409781,0.1114490726234824
I0099,Credito_Prefixado,Ativo,Prefixada,BRL,0.5,2490476.144943271,0.1293487426702379
I0100,Credito_Prefixado,Ativo,Prefixada,BRL,2.0,1913936.055543723,0.1112155350304106
I0101,Credito_Prefixado,Ativo,Prefixada,BRL,2.0,2013589.1438447607,0.1230303791898565
I0102,Credito_Prefixado,Ativo,Prefixada,BRL,7.0,1894567.9777454971,0.1027434647960165
I0103,Credito_Prefixado,Ativo,Prefixada,BRL,0.25,2021143.9507356395,0.113069052348762
I0104,Credito_Prefixado,Ativo,Prefixada,BRL,15.0,1261780.0117399143,0.1048732074562903
I0105,Credito_Prefixado,Ativo,Prefixada,BRL,2.0,1100263.4551529137,0.0737345368342088
I0106,Credito_Prefixado,Ativo,Prefixada,BRL,1.0,2142238.08940876,0.1133976366878414
I0107,Credito_Prefixado,Ativo,Prefixada,BRL,10.0,2332176.7944664704,0.1393075613829938
I0108,Credito_Prefixado,Ativo,Prefixada,BRL,1.0,1488490.725644903,0.0970436386623593
I0109,Credito_Prefixado,Ativo,Prefixada,BRL,20.0,2002800.632853804,0.103257390005597
I0110,Credito_Prefixado,Ativo,Prefixada,BRL,1.0,1605610.1083591722,0.07059322553854
I0111,Credito_Prefixado,Ativo,Prefixada,BRL,2.0,2182392.5426685917,0.1542922676551696
I0112,Credito_Prefixado,Ativo,Prefixada,BRL,5.0,2010699.0004233492,0.1075281385697391
I0113,Credito_Prefixado,Ativo,Prefixada,BRL,2.0,1809673.799187293,0.1075488567364936
I0114,Credito_Prefixado,Ativo,Prefixada,BRL,0.5,1809896.950848558,0.1145291712209162
I0115,Credito_Prefixado,Ativo,Prefixada,BRL,7.0,1380484.014479583,0.1122570338106142
I0116,Credito_Prefixado,Ativo,Prefixada,BRL,2.0,1244049.4656939956,0.1390651790445899
I0117,Credito_Prefixado,Ativo,Prefixada,BRL,5.0,1940297.873295646,0.1127261580802874
I0118,Credito_Prefixado,Ativo,Prefixada,BRL,0.5,1154524.1304618565,0.1401828830449986
I0119,Credito_Prefixado,Ativo,Prefixada,BRL,5.0,2054891.8078843076,0.1600524250590215
I0120,Credito_Prefixado,Ativo,Prefixada,BRL,7.0,2312143.088516776,0.1425823971449501
I0121,Credito_Prefixado,Ativo,Prefixada,BRL,0.25,2168223.5619606874,0.1521555818596461
I0122,Credito_Prefixado,Ativo,Prefixada,USD,2.0,1970862.6104236324,0.1352779497877471
I0123,Credito_Prefixado,Ativo,Prefixada,BRL,2.0,1109531.428066086,0.1191213657260808
I0124,Credito_Prefixado,Ativo,Prefixada,BRL,0.5,2334647.6649648254,0.1678367852351499
I0125,Credito_Prefixado,Ativo,Prefixada,BRL,10.0,1712494.619821663,0.1187294118552865
I0126,Credito_Prefixado,Ativo,Prefixada,BRL,5.0,2370744.651864505,0.1232465280489159
I0127,Credito_Prefixado,Ativo,Prefixada,BRL,0.5,2085572.398564176,0.1495290796643268
I0128,Credito_Prefixado,Ativo,Prefixada,BRL,1.0,1083833.712091243,0.0801882587291547
I0129,Credito_Prefixado,Ativo,Prefixada,BRL,0.25,2450166.945182834,0.1584387106850912
I0130,Credito_Prefixado,Ativo,Prefixada,BRL,15.0,1335120.994035208,0.1268643177581588
I0131,Credito_Prefixado,Ativo,Prefixada,BRL,7.0,2264017.0416341457,0.1263453004029741
I0132,Credito_Prefixado,Ativo,Prefixada,BRL,5.0,1123057.6241301051,0.1170800787138446
I0133,Credito_Prefixado,Ativo,Prefixada,BRL,7.0,1297569.8818427457,0.1560746933745768
I0134,Credito_Prefixado,Ativo,Prefixada,BRL,2.0,2013047.7615969928,0.1705464906774761
I0135,Credito_Prefixado,Ativo,Prefixada,BRL,0.5,1290195.5038398164,0.119904171513268
I0136,Credito_Prefixado,Ativo,Prefixada,BRL,5.0,2394083.512289554,0.0866354128177152
I0137,Credito_Prefixado,Ativo,Prefixada,BRL,7.0,2194500.6268332065,0.1029994872948812
I0138,Credito_Prefixado,Ativo,Prefixada,BRL,0.25,2009482.5897365543,0.0860845801048445
I0139,Credito_Prefixado,Ativo,Prefixada,BRL,0.5,2302795.0690506506,0.1364246050146745
I0140,Credito_Prefixado,Ativo,Prefixada,BRL,15.0,1410701.9770032198,0.1421361777189627
I0141,Credito_CDI,Ativo,Pos_Fixada,BRL,7.0,2197532.9653252307,0.1060699297175809
I0142,Credito_CDI,Ativo,Pos_Fixada,BRL,15.0,2442191.325538897,0.157193349258211
I0143,Credito_CDI,Ativo,Pos_Fixada,BRL,0.25,2416571.24197002,0.1043246712357581
I0144,Credito_CDI,Ativo,Pos_Fixada,BRL,0.25,2061416.0757494972,0.0967630510253139
I0145,Credito_CDI,Ativo,Pos_Fixada,BRL,1.0,1430710.1399646727,0.08613226932021
I0146,Credito_CDI,Ativo,Pos_Fixada,BRL,20.0,1835379.0408557544,0.2069640184067856
I0147,Credito_CDI,Ativo,Pos_Fixada,BRL,0.25,2255283.7232437544,0.1418276072233105
I0148,Credito_CDI,Ativo,Pos_Fixada,BRL,5.0,1257925.3176242143,0.1149772761953717
I0149,Credito_CDI,Ativo,Pos_Fixada,BRL,1.0,1579357.5232217389,0.0973445352539577
I0150,Credito_CDI,Ativo,Pos_Fixada,BRL,1.0,1705545.329495551,0.0586902574148061
I0151,Credito_CDI,Ativo,Pos_Fixada,BRL,5.0,1883317.3494498432,0.1512706819717582
I0152,Credito_CDI,Ativo,Pos_Fixada,BRL,0.5,1240378.0805596944,0.1023528111702955
I0153,Credito_CDI,Ativo,Pos_Fixada,BRL,10.0,2264825.523624398,0.1181527537184851
I0154,Credito_CDI,Ativo,Pos_Fixada,BRL,0.25,2098436.4104700936,0.1622137957715095
I0155,Credito_CDI,Ativo,Pos_Fixada,BRL,1.0,1527357.1255070393,0.1278379316258757
I0156,Credito_CDI,Ativo,Pos_Fixada,BRL,15.0,2225601.806397275,0.0989523447733502
I0157,Credito_CDI,Ativo,Pos_Fixada,BRL,15.0,2253334.740129452,0.0829450808347356
I0158,Credito_CDI,Ativo,Pos_Fixada,BRL,1.0,1151999.3941980342,0.1451819015129973
I0159,Credito_CDI,Ativo,Pos_Fixada,USD,0.25,1905006.306221058,0.1215604832778698
I0160,Credito_CDI,Ativo,Pos_Fixada,BRL,7.0,2294349.721840189,0.058528766094294
I0161,Credito_CDI,Ativo,Pos_Fixada,BRL,7.0,2192059.864542138,0.1152446282830057
I0162,Credito_CDI,Ativo,Pos_Fixada,BRL,5.0,1592121.1930401947,0.190079878618418
I0163,Credito_CDI,Ativo,Pos_Fixada,BRL,7.0,2532183.2370399088,0.1212483104608804
I0164,Credito_CDI,Ativo,Pos_Fixada,BRL,0.5,1647713.9338493648,0.2047748090685273
I0165,Credito_CDI,Ativo,Pos_Fixada,USD,0.5,2160065.553013102,0.174427646500454
I0166,Credito_CDI,Ativo,Pos_Fixada,BRL,5.0,1593827.6166842985,0.1264172702848398
I0167,Credito_CDI,Ativo,Pos_Fixada,BRL,5.0,2332669.309024979,0.0959039602917228
I0168,Credito_CDI,Ativo,Pos_Fixada,USD,10.0,1512202.8744346006,0.1121719612981404
I0169,Credito_CDI,Ativo,Pos_Fixada,BRL,2.0,1991131.1932798664,0.08311797294046
I0170,Credito_CDI,Ativo,Pos_Fixada,BRL,7.0,2294222.965420245,0.1721262729896128
I0171,Credito_CDI,Ativo,Pos_Fixada,BRL,2.0,1608487.1172719358,0.03
I0172,Credito_CDI,Ativo,Pos_Fixada,BRL,1.0,1622056.865296404,0.1477353080494225
I0173,Credito_CDI,Ativo,Pos_Fixada,BRL,10.0,1647668.58399513,0.1323897852051826
I0174,Credito_CDI,Ativo,Pos_Fixada,BRL,0.5,2143148.716829516,0.1554817458215222
I0175,Credito_CDI,Ativo,Pos_Fixada,USD,10.0,1330466.5804597945,0.1272572518504459
I0176,Credito_CDI,Ativo,Pos_Fixada,BRL,1.0,1365571.343994324,0.0707644430932675
I0177,Credito_CDI,Ativo,Pos_Fixada,BRL,0.25,1164427.943907631,0.1281690519165525
I0178,Credito_CDI,Ativo,Pos_Fixada,BRL,5.0,1251308.6560172415,0.1248181496813832
I0179,Credito_CDI,Ativo,Pos_Fixada,BRL,5.0,2163447.7379367454,0.1372805224345339
I0180,Credito_CDI,Ativo,Pos_Fixada,BRL,1.0,1557338.978630171,0.0652615608885842
I0181,Credito_CDI,Ativo,Pos_Fixada,BRL,0.25,2457680.774972735,0.1373942953214462
I0182,Credito_CDI,Ativo,Pos_Fixada,BRL,0.5,2054003.053881812,0.0826321419131614
I0183,Credito_CDI,Ativo,Pos_Fixada,BRL,15.0,1262105.0778135266,0.0636514487291003
I0184,Credito_CDI,Ativo,Pos_Fixada,BRL,10.0,2012690.7297821965,0.1084941662033461
I0185,Credito_CDI,Ativo,Pos_Fixada,BRL,20.0,1832555.2695199829,0.0749586442356959
I0186,Credito_CDI,Ativo,Pos_Fixada,USD,0.25,2033255.5564384423,0.1368089503068031
I0187,Credito_CDI,Ativo,Pos_Fixada,BRL,0.25,1101868.1611679727,0.1117982934375009
I0188,Credito_CDI,Ativo,Pos_Fixada,BRL,10.0,1705212.8097334038,0.0803595484402148
I0189,Credito_CDI,Ativo,Pos_Fixada,USD,7.0,1669187.4468334443,0.2119418411368432
I0190,Credito_CDI,Ativo,Pos_Fixada,BRL,0.25,2396025.6897148807,0.0772880366638882
I0191,Credito_CDI,Ativo,Pos_Fixada,BRL,5.0,1939332.7764578287,0.1065100038234623
I0192,Credito_CDI,Ativo,Pos_Fixada,BRL,0.25,2508147.5901725693,0.0779684476782837
I0193,Credito_CDI,Ativo,Pos_Fixada,BRL,7.0,2430628.745572462,0.1367684186167447
I0194,Credito_CDI,Ativo,Pos_Fixada,BRL,5.0,1348155.9899577452,0.0683756052453884
I0195,Credito_CDI,Ativo,Pos_Fixada,BRL,7.0,2153194.632508493,0.1594931984356258
I0196,Credito_CDI,Ativo,Pos_Fixada,USD,0.5,1430685.8685425897,0.119499041607411
I0197,Credito_CDI,Ativo,Pos_Fixada,BRL,0.5,2286887.509240963,0.1369059663209224
I0198,Credito_CDI,Ativo,Pos_Fixada,BRL,7.0,1338319.8689650877,0.0703780150421793
I0199,Credito_CDI,Ativo,Pos_Fixada,BRL,15.0,1319936.859014999,0.1245347169503711
I0200,Credito_CDI,Ativo,Pos_Fixada,USD,0.25,2068610.3957810097,0.1354359757612336
I0201,Credito_CDI,Ativo,Pos_Fixada,BRL,20.0,1441091.275876985,0.1583124318655991
I0202,Credito_CDI,Ativo,Pos_Fixada,BRL,0.5,2473645.797888476,0.0963671087952517
I0203,Credito_CDI,Ativo,Pos_Fixada,BRL,0.25,1579426.114492637,0.1447657622213722
I0204,Credito_CDI,Ativo,Pos_Fixada,BRL,1.0,1627252.657715412,0.0580690797047375
I0205,Credito_CDI,Ativo,Pos_Fixada,BRL,15.0,2362312.2838902185,0.1270377140469132
I0206,Credito_CDI,Ativo,Pos_Fixada,BRL,1.0,2482831.5285075977,0.1342001967249906
I0207,Credito_CDI,Ativo,Pos_Fixada,BRL,2.0,1208405.1904641257,0.0886286979201491
I0208,Credito_CDI,Ativo,Pos_Fixada,BRL,1.0,1285825.8302492946,0.1284942677851412
I0209,Credito_CDI,Ativo,Pos_Fixada,BRL,1.0,2493544.365536764,0.1788435547129094
I0210,Credito_CDI,Ativo,Pos_Fixada,BRL,0.25,2389973.7542483443,0.1658235703793853
I0211,Credito_CDI,Ativo,Pos_Fixada,BRL,7.0,1916878.515250072,0.1522852507526374
I0212,Credito_CDI,Ativo,Pos_Fixada,BRL,15.0,2099300.2255390114,0.2030227618751499
I0213,Credito_CDI,Ativo,Pos_Fixada,BRL,20.0,2310576.228586518,0.0829764875538233
I0214,Credito_CDI,Ativo,Pos_Fixada,BRL,0.25,1860541.7983723732,0.0990688628808676
I0215,Credito_CDI,Ativo,Pos_Fixada,BRL,0.25,1711665.9011247726,0.0906957070915462
I0216,Credito_CDI,Ativo,Pos_Fixada,BRL,0.25,2416404.3764159265,0.1048224287555204
I0217,Credito_CDI,Ativo,Pos_Fixada,BRL,2.0,1598853.2647799675,0.0917966729689586
I0218,Credito_CDI,Ativo,Pos_Fixada,BRL,2.0,1566227.8373907986,0.142750627006332
I0219,Credito_CDI,Ativo,Pos_Fixada,BRL,0.25,1650129.104309466,0.1238431837480631
I0220,Credito_CDI,Ativo,Pos_Fixada,BRL,7.0,2498412.175249332,0.1121876485928276
I0221,Credito_CDI,Ativo,Pos_Fixada,BRL,15.0,1315142.2095995129,0.1186285928259994
I0222,Credito_CDI,Ativo,Pos_Fixada,BRL,20.0,2401499.3805794325,0.0763440774164105
I0223,Credito_CDI,Ativo,Pos_Fixada,BRL,10.0,1230386.166661913,0.089332699975722
I0224,Credito_CDI,Ativo,Pos_Fixada,BRL,10.0,2069371.8690584828,0.0560195091098145
I0225,Credito_CDI,Ativo,Pos_Fixada,BRL,15.0,1172109.4374575175,0.1150357033971722
I0226,Credito_CDI,Ativo,Pos_Fixada,BRL,0.5,1950399.6049555829,0.1506525326295513
I0227,Credito_CDI,Ativo,Pos_Fixada,BRL,5.0,2491252.9134578784,0.1938442924207244
I0228,Credito_CDI,Ativo,Pos_Fixada,BRL,0.5,1791499.9842948164,0.1202165537017552
I0229,Credito_CDI,Ativo,Pos_Fixada,BRL,2.0,2100956.8810063866,0.117381175653615
I0230,Credito_CDI,Ativo,Pos_Fixada,BRL,0.25,2055368.6714911568,0.112310140029225
I0231,Credito_CDI,Ativo,Pos_Fixada,BRL,5.0,2129104.416507815,0.1525189873158928
I0232,Credito_CDI,Ativo,Pos_Fixada,BRL,5.0,1401485.6622133388,0.1155538174082145
I0233,Credito_CDI,Ativo,Pos_Fixada,BRL,10.0,1712133.0593843472,0.1193778043360319
I0234,Credito_CDI,Ativo,Pos_Fixada,BRL,0.25,2132575.527826112,0.1566807444771267
I0235,Credito_CDI,Ativo,Pos_Fixada,BRL,5.0,1187181.5608169874,0.1474291237868871
I0236,Credito_CDI,Ativo,Pos_Fixada,BRL,0.25,2152628.9706377783,0.1417200992561055
I0237,Credito_CDI,Ativo,Pos_Fixada,BRL,10.0,2162420.330939101,0.1041440038154971
I0238,Credito_CDI,Ativo,Pos_Fixada,BRL,10.0,1192798.2755254495,0.1686031841837593
I0239,Credito_CDI,Ativo,Pos_Fixada,BRL,20.0,1590904.800893485,0.1145145030807212
I0240,Credito_CDI,Ativo,Pos_Fixada,BRL,10.0,1465694.0487991923,0.0895386445813011
I0241,Credito_CDI,Ativo,Pos_Fixada,BRL,5.0,1688244.2271587057,0.1448745988613736
I0242,Credito_CDI,Ativo,Pos_Fixada,BRL,2.0,1445413.57813783,0.0727222992543924
I0243,Credito_CDI,Ativo,Pos_Fixada,BRL,7.0,1169472.7183868268,0.114202499795045
I0244,Credito_CDI,Ativo,Pos_Fixada,USD,15.0,2464949.7636558805,0.0955841038244476
I0245,Credito_CDI,Ativo,Pos_Fixada,BRL,10.0,1563192.0657702568,0.0850212922092604
I0246,Credito_CDI,Ativo,Pos_Fixada,BRL,20.0,2402709.7422967814,0.1325387731512829
I0247,Credito_CDI,Ativo,Pos_Fixada,BRL,15.0,2327219.088509119,0.1038222755513754
I0248,Credito_CDI,Ativo,Pos_Fixada,BRL,20.0,1456897.021123661,0.0985912236946231
I0249,Credito_CDI,Ativo,Pos_Fixada,BRL,0.25,1527492.8944978823,0.1365294685783701
I0250,Credito_CDI,Ativo,Pos_Fixada,BRL,5.0,2121558.7261720323,0.0714172876969563
I0251,Credito_CDI,Ativo,Pos_Fixada,BRL,1.0,1375573.8218884217,0.1228098254293456
I0252,Credito_CDI,Ativo,Pos_Fixada,USD,2.0,1788060.26312249,0.1351292550553981
I0253,Credito_CDI,Ativo,Pos_Fixada,USD,7.0,2338134.408759566,0.151595342036645
I0254,Credito_CDI,Ativo,Pos_Fixada,BRL,10.0,1392636.6973553866,0.1356033669726838
I0255,Credito_CDI,Ativo,Pos_Fixada,BRL,0.5,1831895.2453985952,0.1196759283169998
I0256,Credito_CDI,Ativo,Pos_Fixada,BRL,20.0,2206090.0957838856,0.0950932236107681
I0257,Credito_CDI,Ativo,Pos_Fixada,BRL,15.0,2076399.1329734111,0.1303080678707913
I0258,Credito_CDI,Ativo,Pos_Fixada,BRL,0.25,2548144.8630353217,0.1326003829101649
I0259,Credito_CDI,Ativo,Pos_Fixada,BRL,20.0,2374723.3516509,0.0903629863899057
I0260,Credito_CDI,Ativo,Pos_Fixada,BRL,5.0,1280422.0391030535,0.1424708997334972
I0261,Captacao_CDI,Passivo,Pos_Fixada,USD,0.25,2522099.8229655954,0.0863297888774233
I0262,Captacao_CDI,Passivo,Pos_Fixada,BRL,0.25,2977829.108708947,0.1658215808746724
I0263,Captacao_CDI,Passivo,Pos_Fixada,BRL,0.5,3511238.671893233,0.1134210011924792
I0264,Captacao_CDI,Passivo,Pos_Fixada,BRL,5.0,2598377.83977061,0.1030606060136431
I0265,Captacao_CDI,Passivo,Pos_Fixada,BRL,2.0,1533436.779383327,0.0672979843991151
I0266,Captacao_CDI,Passivo,Pos_Fixada,BRL,0.5,2282603.124478847,0.1160476942286408
I0267,Captacao_CDI,Passivo,Pos_Fixada,BRL,0.25,2658702.8773588566,0.1223640672141732
I0268,Captacao_CDI,Passivo,Pos_Fixada,BRL,15.0,3423693.4738781825,0.2113597677603343
I0269,Captacao_CDI,Passivo,Pos_Fixada,USD,0.25,2986454.297593949,0.1136717782033708
I0270,Captacao_CDI,Passivo,Pos_Fixada,BRL,1.0,1564286.6566349743,0.0628408869130557
I0271,Captacao_CDI,Passivo,Pos_Fixada,BRL,20.0,2636506.3061956614,0.1381362119739707
I0272,Captacao_CDI,Passivo,Pos_Fixada,BRL,15.0,3214344.184042875,0.1154904765172082
I0273,Captacao_CDI,Passivo,Pos_Fixada,BRL,1.0,3039315.681161431,0.1447219942691081
I0274,Captacao_CDI,Passivo,Pos_Fixada,BRL,7.0,2515507.9780176952,0.132479377676842
I0275,Captacao_CDI,Passivo,Pos_Fixada,BRL,20.0,3203810.489315573,0.1089988445356476
I0276,Captacao_CDI,Passivo,Pos_Fixada,BRL,10.0,2911268.622933349,0.0708366103030424
I0277,Captacao_CDI,Passivo,Pos_Fixada,USD,20.0,2413233.7484539524,0.1569918082446831
I0278,Captacao_CDI,Passivo,Pos_Fixada,BRL,15.0,2006169.4257287052,0.1175133139092594
I0279,Captacao_CDI,Passivo,Pos_Fixada,BRL,0.25,3005509.867861901,0.1330991273305946
I0280,Captacao_CDI,Passivo,Pos_Fixada,BRL,1.0,2046639.9391671647,0.1235888104761844
I0281,Captacao_CDI,Passivo,Pos_Fixada,BRL,5.0,2778205.9310150323,0.1258500020150307
I0282,Captacao_CDI,Passivo,Pos_Fixada,BRL,10.0,3081886.762511957,0.1021136874997523
I0283,Captacao_CDI,Passivo,Pos_Fixada,BRL,15.0,1818839.841334717,0.1335073505111264
I0284,Captacao_CDI,Passivo,Pos_Fixada,BRL,7.0,3428323.3524043807,0.1428081726799027
I0285,Captacao_CDI,Passivo,Pos_Fixada,BRL,10.0,2424450.356726371,0.1581505558990419
I0286,Captacao_CDI,Passivo,Pos_Fixada,BRL,7.0,3360513.591512793,0.1468371297034428
I0287,Captacao_CDI,Passivo,Pos_Fixada,BRL,20.0,2557586.7052427074,0.0677592879468556
I0288,Captacao_CDI,Passivo,Pos_Fixada,BRL,0.5,1936521.2145113568,0.10511213260737
I0289,Captacao_CDI,Passivo,Pos_Fixada,BRL,20.0,2070956.278074503,0.1211786046471165
I0290,Captacao_CDI,Passivo,Pos_Fixada,BRL,7.0,1791890.1434772348,0.1182111710282875
I0291,Captacao_CDI,Passivo,Pos_Fixada,BRL,7.0,2487387.07283464,0.0568678289319989
I0292,Captacao_CDI,Passivo,Pos_Fixada,BRL,20.0,3004161.4885625304,0.1325637446017946
I0293,Captacao_CDI,Passivo,Pos_Fixada,BRL,0.25,2064996.108821601,0.1521022083111137
I0294,Captacao_CDI,Passivo,Pos_Fixada,BRL,2.0,1754226.6793718138,0.1053756984383802
I0295,Captacao_CDI,Passivo,Pos_Fixada,BRL,20.0,1535300.7498847337,0.1197263864242117
I0296,Captacao_CDI,Passivo,Pos_Fixada,USD,7.0,2533991.331627623,0.1076180562165735
I0297,Captacao_CDI,Passivo,Pos_Fixada,BRL,0.5,3386186.82485085,0.1358324397599821
I0298,Captacao_CDI,Passivo,Pos_Fixada,USD,1.0,2146333.6170657435,0.118358945543444
I0299,Captacao_CDI,Passivo,Pos_Fixada,BRL,1.0,2636643.3933802093,0.1033799716234905
I0300,Captacao_CDI,Passivo,Pos_Fixada,BRL,7.0,1697931.110007387,0.0959371403081218
I0301,Captacao_CDI,Passivo,Pos_Fixada,BRL,5.0,3350406.6094635064,0.1150999019339441
I0302,Captacao_CDI,Passivo,Pos_Fixada,BRL,5.0,2284961.948797363,0.1150084120621161
I0303,Captacao_CDI,Passivo,Pos_Fixada,USD,2.0,2333785.139999515,0.1206077339804082
I0304,Captacao_CDI,Passivo,Pos_Fixada,BRL,0.5,2874962.7298894143,0.1248421753431013
I0305,Captacao_CDI,Passivo,Pos_Fixada,BRL,10.0,3282941.788944496,0.1184783059773354
I0306,Captacao_CDI,Passivo,Pos_Fixada,BRL,1.0,2480183.361620841,0.1208067618517555
I0307,Captacao_CDI,Passivo,Pos_Fixada,BRL,2.0,3089868.7697327,0.1614934362320771
I0308,Captacao_CDI,Passivo,Pos_Fixada,BRL,7.0,1663309.4822337672,0.150384274626108
I0309,Captacao_CDI,Passivo,Pos_Fixada,BRL,10.0,3352149.6168752997,0.1562121866280144
I0310,Captacao_CDI,Passivo,Pos_Fixada,BRL,0.5,3147701.718982408,0.1061236127492452
I0311,Captacao_CDI,Passivo,Pos_Fixada,USD,15.0,1789237.0448827115,0.1550387494803707
I0312,Captacao_CDI,Passivo,Pos_Fixada,BRL,7.0,2823153.166315817,0.1176151087291543
I0313,Captacao_CDI,Passivo,Pos_Fixada,BRL,1.0,2420676.502896776,0.1092890205194052
I0314,Captacao_CDI,Passivo,Pos_Fixada,BRL,20.0,2228100.13458499,0.1372346081743534
I0315,Captacao_CDI,Passivo,Pos_Fixada,BRL,7.0,2272437.57087197,0.1440650289432071
I0316,Captacao_CDI,Passivo,Pos_Fixada,BRL,10.0,2782800.236717473,0.137005140059678
I0317,Captacao_CDI,Passivo,Pos_Fixada,BRL,2.0,1699871.1330921445,0.1119291851906543
I0318,Captacao_CDI,Passivo,Pos_Fixada,BRL,7.0,2646002.920532084,0.1017520793536848
I0319,Captacao_CDI,Passivo,Pos_Fixada,BRL,0.25,3399035.6391405994,0.1040318578013586
I0320,Captacao_CDI,Passivo,Pos_Fixada,USD,2.0,2857969.9451555605,0.1611732954169275
I0321,Captacao_CDI,Passivo,Pos_Fixada,BRL,1.0,3053385.521903708,0.112847144160816
I0322,Captacao_CDI,Passivo,Pos_Fixada,USD,20.0,3352062.125311788,0.0940144076060402
I0323,Captacao_CDI,Passivo,Pos_Fixada,BRL,20.0,1750167.2415416895,0.1247973371795254
I0324,Captacao_CDI,Passivo,Pos_Fixada,BRL,7.0,1660387.7252879548,0.1107230782814854
I0325,Captacao_CDI,Passivo,Pos_Fixada,BRL,1.0,2236619.429205428,0.149903780571026
I0326,Captacao_CDI,Passivo,Pos_Fixada,BRL,0.5,2583151.289244492,0.1375212122776598
I0327,Captacao_CDI,Passivo,Pos_Fixada,BRL,1.0,1853649.7078630563,0.1127689367235604
I0328,Captacao_CDI,Passivo,Pos_Fixada,BRL,5.0,3243563.394907268,0.0793185837379613
I0329,Captacao_CDI,Passivo,Pos_Fixada,BRL,0.5,2612265.128496142,0.1041566839383449
I0330,Captacao_CDI,Passivo,Pos_Fixada,BRL,7.0,3417340.8488325044,0.1345022194791977
I0331,Captacao_CDI,Passivo,Pos_Fixada,BRL,7.0,2329706.2798271147,0.1538098650579378
I0332,Captacao_CDI,Passivo,Pos_Fixada,BRL,20.0,3243652.0697722603,0.1575675734239686
I0333,Captacao_CDI,Passivo,Pos_Fixada,BRL,1.0,1918342.0627638795,0.1189399634311815
I0334,Captacao_CDI,Passivo,Pos_Fixada,BRL,15.0,1882446.6227723183,0.1548700970343346
I0335,Captacao_CDI,Passivo,Pos_Fixada,BRL,1.0,2685828.9712694148,0.1092619423740706
I0336,Captacao_CDI,Passivo,Pos_Fixada,BRL,20.0,2343184.357525567,0.1449338530574619
I0337,Captacao_CDI,Passivo,Pos_Fixada,BRL,2.0,2384753.197753733,0.124195817422783
I0338,Captacao_CDI,Passivo,Pos_Fixada,BRL,10.0,3108826.743240237,0.1323070453326486
I0339,Captacao_CDI,Passivo,Pos_Fixada,BRL,10.0,2405226.180242816,0.1055917491412673
I0340,Captacao_CDI,Passivo,Pos_Fixada,BRL,5.0,3506727.735421131,0.1145787421082996
I0341,Captacao_CDI,Passivo,Pos_Fixada,BRL,7.0,3172488.416278516,0.1731170282711094
I0342,Captacao_CDI,Passivo,Pos_Fixada,BRL,0.25,3160916.242184035,0.0651411476898778
I0343,Captacao_CDI,Passivo,Pos_Fixada,BRL,1.0,1671512.0222433088,0.1132784788129654
I0344,Captacao_CDI,Passivo,Pos_Fixada,BRL,5.0,3075552.146474238,0.1508318932544132
I0345,Captacao_CDI,Passivo,Pos_Fixada,BRL,5.0,3429408.872918707,0.0943729841707639
I0346,Captacao_CDI,Passivo,Pos_Fixada,BRL,2.0,1943567.732799916,0.1704678974618004
I0347,Captacao_CDI,Passivo,Pos_Fixada,BRL,0.5,2716789.044749796,0.1195185712774995
I0348,Captacao_CDI,Passivo,Pos_Fixada,BRL,0.5,2906668.852287669,0.0788849380483684
I0349,Captacao_CDI,Passivo,Pos_Fixada,BRL,20.0,2424721.616702695,0.1282360451133315
I0350,Captacao_CDI,Passivo,Pos_Fixada,BRL,5.0,2538610.374243888,0.0792692017705862
I0351,Captacao_CDI,Passivo,Pos_Fixada,BRL,10.0,3268590.5697156093,0.1769368269717783
I0352,Captacao_CDI,Passivo,Pos_Fixada,BRL,0.25,2134206.68669243,0.0707891387832066
I0353,Captacao_CDI,Passivo,Pos_Fixada,BRL,0.25,1674224.1868977612,0.1473212253997549
I0354,Captacao_CDI,Passivo,Pos_Fixada,BRL,7.0,2642756.973336012,0.0989808339646039
I0355,Captacao_CDI,Passivo,Pos_Fixada,BRL,7.0,3128101.780003716,0.1313550397585609
I0356,Captacao_CDI,Passivo,Pos_Fixada,BRL,15.0,2181404.5151744164,0.0728880278591794
I0357,Captacao_CDI,Passivo,Pos_Fixada,BRL,1.0,1998504.082795037,0.1077940645633588
I0358,Captacao_CDI,Passivo,Pos_Fixada,BRL,1.0,3190106.986568162,0.1242760110687438
I0359,Captacao_CDI,Passivo,Pos_Fixada,BRL,15.0,2948386.0469713206,0.1240115042323953
I0360,Captacao_CDI,Passivo,Pos_Fixada,BRL,1.0,2500714.366485105,0.1160306981119669
I0361,Captacao_CDI,Passivo,Pos_Fixada,BRL,5.0,3111404.4758756845,0.0498629549655608
I0362,Captacao_CDI,Passivo,Pos_Fixada,BRL,20.0,2127912.050807206,0.1009299897150826
I0363,Captacao_CDI,Passivo,Pos_Fixada,BRL,7.0,1926262.654538868,0.0894531970919684
I0364,Captacao_CDI,Passivo,Pos_Fixada,BRL,0.25,3068881.354651864,0.1386239231744219
I0365,Captacao_CDI,Passivo,Pos_Fixada,BRL,0.5,3054804.4302929007,0.15061565921269
I0366,Captacao_CDI,Passivo,Pos_Fixada,BRL,5.0,2543060.993316196,0.0998660678486847
I0367,Captacao_CDI,Passivo,Pos_Fixada,BRL,15.0,2948395.780385138,0.1061667126726086
I0368,Captacao_CDI,Passivo,Pos_Fixada,USD,15.0,3305593.281974367,0.0682396057722293
I0369,Captacao_CDI,Passivo,Pos_Fixada,BRL,10.0,2566774.5914035942,0.0962566122381549
I0370,Captacao_CDI,Passivo,Pos_Fixada,BRL,15.0,3108302.56163898,0.0982767233068913
I0371,Captacao_Prefixada,Passivo,Prefixada,BRL,0.25,2605354.925392824,0.0955134232013836
I0372,Captacao_Prefixada,Passivo,Prefixada,BRL,7.0,1852310.7881779184,0.1127696026864361
I0373,Captacao_Prefixada,Passivo,Prefixada,BRL,10.0,2098103.173453785,0.1510710264566889
I0374,Captacao_Prefixada,Passivo,Prefixada,BRL,0.5,2232890.987616716,0.1048056865534454
I0375,Captacao_Prefixada,Passivo,Prefixada,BRL,15.0,1996015.841683996,0.1293030866548405
I0376,Captacao_Prefixada,Passivo,Prefixada,BRL,2.0,1673212.8101190226,0.1170270422439564
I0377,Captacao_Prefixada,Passivo,Prefixada,BRL,0.25,2102264.8425349966,0.1546316369893327
I0378,Captacao_Prefixada,Passivo,Prefixada,USD,0.25,1255541.2481391963,0.1101943801020304
I0379,Captacao_Prefixada,Passivo,Prefixada,BRL,7.0,2351756.671823436,0.1490232138041372
I0380,Captacao_Prefixada,Passivo,Prefixada,BRL,20.0,2634486.835496259,0.1164765637418299
I0381,Captacao_Prefixada,Passivo,Prefixada,BRL,1.0,2775364.003315876,0.1234188323651173
I0382,Captacao_Prefixada,Passivo,Prefixada,BRL,10.0,1778039.0416820496,0.1076745920970235
I0383,Captacao_Prefixada,Passivo,Prefixada,BRL,7.0,2705734.600733963,0.1144356007228723
I0384,Captacao_Prefixada,Passivo,Prefixada,BRL,2.0,2509678.211253959,0.1102547041388441
I0385,Captacao_Prefixada,Passivo,Prefixada,BRL,0.25,2536843.0455471254,0.1350492989708177
I0386,Captacao_Prefixada,Passivo,Prefixada,BRL,5.0,1700638.1325584522,0.111663728785312
I0387,Captacao_Prefixada,Passivo,Prefixada,BRL,5.0,2231635.8982924907,0.1527822394936988
I0388,Captacao_Prefixada,Passivo,Prefixada,BRL,0.5,1975997.9891479483,0.1036142264655834
I0389,Captacao_Prefixada,Passivo,Prefixada,BRL,7.0,2297866.1637630137,0.0729168331783722
I0390,Captacao_Prefixada,Passivo,Prefixada,BRL,0.5,2217157.0472585103,0.1289411914460075
I0391,Captacao_Prefixada,Passivo,Prefixada,BRL,5.0,2481156.754337809,0.1604835784474605
I0392,Captacao_Prefixada,Passivo,Prefixada,BRL,2.0,1683659.5447534402,0.1337484363987044
I0393,Captacao_Prefixada,Passivo,Prefixada,BRL,10.0,1736452.8328462795,0.1230088819291981
I0394,Captacao_Prefixada,Passivo,Prefixada,BRL,0.5,2390629.1616695034,0.1077846995872022
I0395,Captacao_Prefixada,Passivo,Prefixada,BRL,15.0,1614983.219503388,0.1628817792030396
I0396,Captacao_Prefixada,Passivo,Prefixada,BRL,7.0,1419431.2624888532,0.1079089285690786
I0397,Captacao_Prefixada,Passivo,Prefixada,USD,0.25,2506063.6323983804,0.1166709365600932
I0398,Captacao_Prefixada,Passivo,Prefixada,BRL,20.0,1434531.3646436816,0.0899938740004267
I0399,Captacao_Prefixada,Passivo,Prefixada,BRL,0.5,2704216.030341161,0.0811767730493237
I0400,Captacao_Prefixada,Passivo,Prefixada,BRL,1.0,1599270.0888975016,0.0802166953841784
I0401,Captacao_Prefixada,Passivo,Prefixada,BRL,2.0,2135186.2972704167,0.1102154934584815
I0402,Captacao_Prefixada,Passivo,Prefixada,BRL,5.0,1566526.8300321132,0.103396544596465
I0403,Captacao_Prefixada,Passivo,Prefixada,BRL,2.0,1682519.318805623,0.1502818896282454
I0404,Captacao_Prefixada,Passivo,Prefixada,BRL,7.0,1314626.4689514623,0.0500694091143541
I0405,Captacao_Prefixada,Passivo,Prefixada,BRL,0.5,1768074.7403595012,0.0849281135995664
I0406,Captacao_Prefixada,Passivo,Prefixada,BRL,1.0,1493035.3064746736,0.0983553105826717
I0407,Captacao_Prefixada,Passivo,Prefixada,BRL,0.5,2304962.756714695,0.1063469036441593
I0408,Captacao_Prefixada,Passivo,Prefixada,BRL,7.0,1893473.331232552,0.1152974613155027
I0409,Captacao_Prefixada,Passivo,Prefixada,BRL,0.5,2295088.0662318305,0.1033075755786269
I0410,Captacao_Prefixada,Passivo,Prefixada,BRL,1.0,1752021.4855468404,0.1403177289105963
I0411,Captacao_Prefixada,Passivo,Prefixada,BRL,20.0,2440729.1461721207,0.1218229529293323
I0412,Captacao_Prefixada,Passivo,Prefixada,BRL,10.0,2488472.571512098,0.1586238679154541
I0413,Captacao_Prefixada,Passivo,Prefixada,BRL,10.0,1287551.8826352954,0.1289955703252223
I0414,Captacao_Prefixada,Passivo,Prefixada,BRL,10.0,1924238.2341008824,0.138051641178169
I0415,Captacao_Prefixada,Passivo,Prefixada,BRL,1.0,2633562.585159297,0.1090957498811602
I0416,Captacao_Prefixada,Passivo,Prefixada,BRL,10.0,2298148.178349008,0.1491937761915373
I0417,Captacao_Prefixada,Passivo,Prefixada,BRL,5.0,2419806.1073073465,0.1124136459164884
I0418,Captacao_Prefixada,Passivo,Prefixada,BRL,2.0,2073326.710016198,0.1103430475864298
I0419,Captacao_Prefixada,Passivo,Prefixada,BRL,0.25,2312016.8422189998,0.0922996082262109
I0420,Captacao_Prefixada,Passivo,Prefixada,BRL,0.25,1435297.8009355746,0.1025824300710445
I0421,Captacao_Prefixada,Passivo,Prefixada,BRL,7.0,2101222.665323296,0.0760175471328107
I0422,Captacao_Prefixada,Passivo,Prefixada,BRL,20.0,1736610.0349274375,0.1154257425197524
I0423,Captacao_Prefixada,Passivo,Prefixada,BRL,1.0,2427739.030822616,0.1516202592018277
I0424,Captacao_Prefixada,Passivo,Prefixada,BRL,15.0,1567644.5167089298,0.1130376577392486
I0425,Captacao_Prefixada,Passivo,Prefixada,BRL,0.5,1296652.122873012,0.0897451012408007
I0426,Captacao_Prefixada,Passivo,Prefixada,BRL,2.0,2592100.189902567,0.1622231734175168
I0427,Captacao_Prefixada,Passivo,Prefixada,BRL,15.0,1678700.563816326,0.1248777294274517
I0428,Captacao_Prefixada,Passivo,Prefixada,BRL,20.0,1366585.880498445,0.1295652912042136
I0429,Captacao_Prefixada,Passivo,Prefixada,BRL,10.0,1963225.4251716067,0.0503709380018919
I0430,Captacao_Prefixada,Passivo,Prefixada,BRL,2.0,2284036.946944389,0.1121574810305919
I0431,Captacao_Prefixada,Passivo,Prefixada,BRL,20.0,2336590.261855415,0.1778421849065343
I0432,Captacao_Prefixada,Passivo,Prefixada,USD,20.0,2243555.274588151,0.1272116646751379
I0433,Captacao_Prefixada,Passivo,Prefixada,BRL,15.0,2187326.681837469,0.1024124142817266
I0434,Captacao_Prefixada,Passivo,Prefixada,BRL,2.0,2043225.466924345,0.1064473223078153
I0435,Captacao_Prefixada,Passivo,Prefixada,BRL,5.0,1673031.0729785475,0.1059130046708287
I0436,Captacao_Prefixada,Passivo,Prefixada,BRL,2.0,2670885.491603394,0.1125077264876857
I0437,Captacao_Prefixada,Passivo,Prefixada,BRL,0.5,2462070.1162732434,0.1488942291952515
I0438,Captacao_Prefixada,Passivo,Prefixada,BRL,1.0,1822448.415262172,0.1795879404146858
I0439,Captacao_Prefixada,Passivo,Prefixada,BRL,0.5,2255476.330258979,0.1406972895490749
I0440,Captacao_Prefixada,Passivo,Prefixada,USD,20.0,1927388.518502288,0.0837517728172183
I0441,Captacao_Prefixada,Passivo,Prefixada,BRL,7.0,2510235.830251909,0.1415476837642225
I0442,Captacao_Prefixada,Passivo,Prefixada,BRL,20.0,1813505.410044525,0.1498130131516883
I0443,Captacao_Prefixada,Passivo,Prefixada,USD,5.0,2676806.9617457725,0.1751981426997556
I0444,Captacao_Prefixada,Passivo,Prefixada,USD,10.0,2088092.156355641,0.0894625636303396
I0445,Captacao_Prefixada,Passivo,Prefixada,BRL,2.0,1500048.41869562,0.0559195935168195
I0446,Captacao_Prefixada,Passivo,Prefixada,BRL,0.5,2058086.415677052,0.117998305830515
I0447,Captacao_Prefixada,Passivo,Prefixada,BRL,7.0,2164626.1173578748,0.130295754052639
I0448,Captacao_Prefixada,Passivo,Prefixada,BRL,20.0,2617832.139228455,0.1357310449083253
I0449,Captacao_Prefixada,Passivo,Prefixada,BRL,2.0,1646724.1802925293,0.1437452451583956
I0450,Captacao_Prefixada,Passivo,Prefixada,BRL,7.0,2050355.61898492,0.0910424844380539
I0451,Captacao_Prefixada,Passivo,Prefixada,BRL,15.0,1441640.9706103231,0.1163329169607722
I0452,Captacao_Prefixada,Passivo,Prefixada,USD,1.0,1554620.8057163253,0.0570443467527994
I0453,Captacao_Prefixada,Passivo,Prefixada,BRL,1.0,2633677.304685011,0.1896069112542856
I0454,Captacao_Prefixada,Passivo,Prefixada,BRL,1.0,2097470.2583994167,0.1244970989217183
I0455,Captacao_Prefixada,Passivo,Prefixada,BRL,0.25,1759496.744560428,0.113235039466745
I0456,Captacao_Prefixada,Passivo,Prefixada,BRL,15.0,2654478.6248961035,0.1398964916911284
I0457,Captacao_Prefixada,Passivo,Prefixada,BRL,10.0,2749706.268765584,0.0796650892722845
I0458,Captacao_Prefixada,Passivo,Prefixada,BRL,15.0,2491801.4237393923,0.1098627645573527
I0459,Captacao_Prefixada,Passivo,Prefixada,BRL,0.25,2104906.7015250763,0.1698113645691891
I0460,Captacao_Prefixada,Passivo,Prefixada,BRL,15.0,1661625.765927885,0.1526688908215496
I0461,Depositos_Sem_Vencimento,Passivo,Comportamental,BRL,10.0,3460528.8847597647,0.1234663851723032
I0462,Depositos_Sem_Vencimento,Passivo,Comportamental,USD,5.0,3542397.5940174414,0.1366210865914357
I0463,Depositos_Sem_Vencimento,Passivo,Comportamental,BRL,15.0,2977484.291107605,0.1400642552255482
I0464,Depositos_Sem_Vencimento,Passivo,Comportamental,BRL,10.0,4729201.508425178,0.1406523316166635
I0465,Depositos_Sem_Vencimento,Passivo,Comportamental,BRL,1.0,3039520.8134515327,0.1479620042692833
I0466,Depositos_Sem_Vencimento,Passivo,Comportamental,BRL,2.0,4839547.627231314,0.1347969052374831
I0467,Depositos_Sem_Vencimento,Passivo,Comportamental,USD,2.0,3908657.86431705,0.1629339904508774
I0468,Depositos_Sem_Vencimento,Passivo,Comportamental,BRL,5.0,3234966.3281091484,0.0438879745276295
I0469,Depositos_Sem_Vencimento,Passivo,Comportamental,BRL,20.0,4664368.764654812,0.1226981518746297
I0470,Depositos_Sem_Vencimento,Passivo,Comportamental,BRL,7.0,3359267.0476976745,0.1221628440251926
I0471,Depositos_Sem_Vencimento,Passivo,Comportamental,BRL,0.25,4865933.414243542,0.1085538205064963
I0472,Depositos_Sem_Vencimento,Passivo,Comportamental,BRL,2.0,4467396.733759244,0.1538220818119373
I0473,Depositos_Sem_Vencimento,Passivo,Comportamental,BRL,7.0,2494769.0778516503,0.1031031876916381
I0474,Depositos_Sem_Vencimento,Passivo,Comportamental,BRL,20.0,2940782.1468438166,0.1122381137230439
I0475,Depositos_Sem_Vencimento,Passivo,Comportamental,BRL,0.25,4945517.265235345,0.1271966844035447
I0476,Depositos_Sem_Vencimento,Passivo,Comportamental,BRL,2.0,3409742.640523168,0.1847587118070257
I0477,Depositos_Sem_Vencimento,Passivo,Comportamental,BRL,0.5,3231483.203183926,0.0882179016902401
I0478,Depositos_Sem_Vencimento,Passivo,Comportamental,BRL,15.0,2498623.089768961,0.1271902273078889
I0479,Depositos_Sem_Vencimento,Passivo,Comportamental,BRL,10.0,4221916.854983863,0.1356126224790118
I0480,Depositos_Sem_Vencimento,Passivo,Comportamental,USD,10.0,4375890.794655421,0.0945089757269944
I0481,Depositos_Sem_Vencimento,Passivo,Comportamental,BRL,0.5,4021234.522225538,0.0873453652911962
I0482,Depositos_Sem_Vencimento,Passivo,Comportamental,BRL,10.0,3908249.6003266,0.0470595432626816
I0483,Depositos_Sem_Vencimento,Passivo,Comportamental,BRL,20.0,2379247.8834363907,0.1437003329583549
I0484,Depositos_Sem_Vencimento,Passivo,Comportamental,BRL,2.0,4266900.368521578,0.1062434772172227
I0485,Depositos_Sem_Vencimento,Passivo,Comportamental,BRL,10.0,2533258.64734244,0.0984071800514803
I0486,Depositos_Sem_Vencimento,Passivo,Comportamental,BRL,15.0,4852589.239068878,0.1292101087087648
I0487,Depositos_Sem_Vencimento,Passivo,Comportamental,BRL,1.0,3535931.737479737,0.1919135014359542
I0488,Depositos_Sem_Vencimento,Passivo,Comportamental,BRL,5.0,3809878.879275675,0.0809932096459992
I0489,Depositos_Sem_Vencimento,Passivo,Comportamental,BRL,1.0,3744577.060314944,0.1273400605556301
I0490,Depositos_Sem_Vencimento,Passivo,Comportamental,BRL,7.0,3578885.0232777894,0.1261559885386182
I0491,Depositos_Sem_Vencimento,Passivo,Comportamental,USD,0.25,4279104.384352092,0.1815092273693403
I0492,Depositos_Sem_Vencimento,Passivo,Comportamental,BRL,5.0,3195626.0710665686,0.0336644954597883
I0493,Depositos_Sem_Vencimento,Passivo,Comportamental,BRL,0.5,4620140.370425554,0.0806092601473724
I0494,Depositos_Sem_Vencimento,Passivo,Comportamental,BRL,0.25,2795388.829818818,0.0642806020881893
I0495,Depositos_Sem_Vencimento,Passivo,Comportamental,BRL,1.0,4835170.101160531,0.1329528302355085
I0496,Depositos_Sem_Vencimento,Passivo,Comportamental,BRL,20.0,2761624.312071301,0.1666831271515659
I0497,Depositos_Sem_Vencimento,Passivo,Comportamental,BRL,2.0,2327018.0589220272,0.1129467255477555
I0498,Depositos_Sem_Vencimento,Passivo,Comportamental,BRL,10.0,2620327.0614013243,0.0996713485383009
I0499,Depositos_Sem_Vencimento,Passivo,Comportamental,BRL,5.0,2667975.7782141003,0.1242157694056072
I0500,Depositos_Sem_Vencimento,Passivo,Comportamental,BRL,10.0,4502732.112589568,0.1528183606075053
I0501,Depositos_Sem_Vencimento,Passivo,Comportamental,BRL,15.0,4878955.272872767,0.0967760117445184
I0502,Depositos_Sem_Vencimento,Passivo,Comportamental,BRL,20.0,2815672.714330923,0.0959890631672435
I0503,Depositos_Sem_Vencimento,Passivo,Comportamental,BRL,15.0,4732923.0731507065,0.1528624137784486
I0504,Depositos_Sem_Vencimento,Passivo,Comportamental,BRL,20.0,4901008.219249999,0.0597555658259935
I0505,Depositos_Sem_Vencimento,Passivo,Comportamental,USD,7.0,4375680.510655627,0.1370366746233483
I0506,Depositos_Sem_Vencimento,Passivo,Comportamental,BRL,0.25,3991411.418347306,0.1161953251304113
I0507,Depositos_Sem_Vencimento,Passivo,Comportamental,BRL,15.0,5012463.914143841,0.1419995359380099
I0508,Depositos_Sem_Vencimento,Passivo,Comportamental,BRL,10.0,2302721.8509275303,0.0904111453628269
I0509,Depositos_Sem_Vencimento,Passivo,Comportamental,BRL,5.0,3442713.6268840376,0.1076145075539324
I0510,Depositos_Sem_Vencimento,Passivo,Comportamental,BRL,0.25,2911974.689365779,0.161466635406654
I0511,Depositos_Sem_Vencimento,Passivo,Comportamental,BRL,7.0,4232376.731545233,0.0760020910353898
I0512,Depositos_Sem_Vencimento,Passivo,Comportamental,BRL,0.5,4082374.706040563,0.1102901701501908
I0513,Depositos_Sem_Vencimento,Passivo,Comportamental,BRL,5.0,2543854.4588939683,0.0616622812828931
I0514,Depositos_Sem_Vencimento,Passivo,Comportamental,BRL,0.5,4254582.220351032,0.1304342604651774
I0515,Depositos_Sem_Vencimento,Passivo,Comportamental,BRL,2.0,3775210.369614059,0.1181559776643513
I0516,Depositos_Sem_Vencimento,Passivo,Comportamental,BRL,0.5,2635686.616393892,0.1453748497144972
I0517,Depositos_Sem_Vencimento,Passivo,Comportamental,BRL,10.0,2489146.738102313,0.1007671385177745
I0518,Depositos_Sem_Vencimento,Passivo,Comportamental,BRL,1.0,4911635.793068034,0.1214923575236349
I0519,Depositos_Sem_Vencimento,Passivo,Comportamental,BRL,15.0,3364495.266362171,0.1144348080543083
I0520,Depositos_Sem_Vencimento,Passivo,Comportamental,BRL,10.0,3692716.9427058008,0.167582489751636
I0521,Depositos_Sem_Vencimento,Passivo,Comportamental,BRL,0.25,4402751.41166084,0.1002725699617318
I0522,Depositos_Sem_Vencimento,Passivo,Comportamental,BRL,1.0,2435265.1417120053,0.049332139368418
I0523,Depositos_Sem_Vencimento,Passivo,Comportamental,BRL,20.0,4470806.800441607,0.1511504401274798
I0524,Depositos_Sem_Vencimento,Passivo,Comportamental,BRL,15.0,4521397.059810547,0.0577111312952501
I0525,Depositos_Sem_Vencimento,Passivo,Comportamental,BRL,0.5,2485670.9923048955,0.1196031288536507
I0526,Depositos_Sem_Vencimento,Passivo,Comportamental,BRL,15.0,4715066.572125683,0.0899478377018392
I0527,Depositos_Sem_Vencimento,Passivo,Comportamental,BRL,15.0,3000624.33131136,0.1284457081527878
I0528,Depositos_Sem_Vencimento,Passivo,Comportamental,BRL,5.0,4591513.451251184,0.172789475148426
I0529,Depositos_Sem_Vencimento,Passivo,Comportamental,BRL,10.0,2401513.095572552,0.1358281954466777
I0530,Depositos_Sem_Vencimento,Passivo,Comportamental,BRL,5.0,3712889.1376827294,0.1129954896638201
I0531,Depositos_Sem_Vencimento,Passivo,Comportamental,BRL,10.0,3881182.3840728058,0.1281244247064304
I0532,Depositos_Sem_Vencimento,Passivo,Comportamental,BRL,15.0,2659998.914244971,0.0935645637154164
I0533,Depositos_Sem_Vencimento,Passivo,Comportamental,BRL,1.0,2806649.489140445,0.12940618744817
I0534,Depositos_Sem_Vencimento,Passivo,Comportamental,BRL,0.25,5125221.042533883,0.094271329555181
I0535,Depositos_Sem_Vencimento,Passivo,Comportamental,BRL,20.0,2653325.9130890383,0.120903930877549
I0536,Depositos_Sem_Vencimento,Passivo,Comportamental,BRL,2.0,3169173.417749846,0.1551542604214508
I0537,Depositos_Sem_Vencimento,Passivo,Comportamental,BRL,5.0,2481299.006853916,0.1777563923327776
I0538,Depositos_Sem_Vencimento,Passivo,Comportamental,BRL,5.0,5134142.354841538,0.1627145654083323
I0539,Depositos_Sem_Vencimento,Passivo,Comportamental,BRL,0.5,4754558.137590667,0.0923555168495683
I0540,Depositos_Sem_Vencimento,Passivo,Comportamental,BRL,1.0,3904823.147456823,0.1984472759875899
