data,prazo_anos,taxa_cupom
2010-01-31,0.25,0.1219253353323693
2010-01-31,0.5,0.1218175042319249
2010-01-31,1.0,0.1197379171177503
2010-01-31,2.0,0.1189909090675834
2010-01-31,5.0,0.1187025334141042
2010-01-31,7.0,0.1171210325668957
2010-01-31,10.0,0.1183318731835308
2010-01-31,15.0,0.1187026123911149
2010-01-31,20.0,0.1195411247061611
2010-02-28,0.25,0.118795344273828
2010-02-28,0.5,0.1181229951814183
2010-02-28,1.0,0.1175200364508114
2010-02-28,2.0,0.117892281656647
2010-02-28,5.0,0.1181920532257122
2010-02-28,7.0,0.1185601580930199
2010-02-28,10.0,0.120839842269384
2010-02-28,15.0,0.1209780496969665
2010-02-28,20.0,0.1199319101254457
2010-03-31,0.25,0.1148475002099067
2010-03-31,0.5,0.1140635003766031
2010-03-31,1.0,0.1137399702939159
2010-03-31,2.0,0.1133821314512522
2010-03-31,5.0,0.1128678756404631
2010-03-31,7.0,0.1121134717646634
2010-03-31,10.0,0.1135496225510906
2010-03-31,15.0,0.1124721363978948
2010-03-31,20.0,0.1139658367892871
2010-04-30,0.25,0.1214712278587739
2010-04-30,0.5,0.1193735103184539
2010-04-30,1.0,0.119887355588645
2010-04-30,2.0,0.1180263162795735
2010-04-30,5.0,0.1174559004022655
2010-04-30,7.0,0.1169227940980706
2010-04-30,10.0,0.1171167667164479
2010-04-30,15.0,0.1172982621982641
2010-04-30,20.0,0.1188358988486062
2010-05-31,0.25,0.1212225832922459
2010-05-31,0.5,0.1224076660883634
2010-05-31,1.0,0.1225978460821105
2010-05-31,2.0,0.12174796898867
2010-05-31,5.0,0.1212165718602666
2010-05-31,7.0,0.1221212608245652
2010-05-31,10.0,0.1220689603794401
2010-05-31,15.0,0.1239074340159485
2010-05-31,20.0,0.1223136309583998
2010-06-30,0.25,0.1077019476881868
2010-06-30,0.5,0.1064380112901112
2010-06-30,1.0,0.1068508937422859
2010-06-30,2.0,0.109132062103949
2010-06-30,5.0,0.1092474869795853
2010-06-30,7.0,0.1084442378981304
2010-06-30,10.0,0.1085187502999995
2010-06-30,15.0,0.1082836471828171
2010-06-30,20.0,0.1108664255385316
2010-07-31,0.25,0.0964203158290995
2010-07-31,0.5,0.095250183023986
2010-07-31,1.0,0.09512326054986
2010-07-31,2.0,0.0970207786974699
2010-07-31,5.0,0.0979036248884798
2010-07-31,7.0,0.1001122155150245
2010-07-31,10.0,0.1017074102414104
2010-07-31,15.0,0.1028619165796719
2010-07-31,20.0,0.1043149568553676
2010-08-31,0.25,0.0956173869173308
2010-08-31,0.5,0.0963401867291177
2010-08-31,1.0,0.0960064832564431
2010-08-31,2.0,0.098491137861003
2010-08-31,5.0,0.1018359041074846
2010-08-31,7.0,0.1010445625863591
2010-08-31,10.0,0.1024616799648221
2010-08-31,15.0,0.1055903179450834
2010-08-31,20.0,0.1051335629635055
2010-09-30,0.25,0.0945359267212228
2010-09-30,0.5,0.0935678483708643
2010-09-30,1.0,0.0959198317292688
2010-09-30,2.0,0.0962133519715278
2010-09-30,5.0,0.0993284950835175
2010-09-30,7.0,0.1017510445991928
2010-09-30,10.0,0.1016337458367025
2010-09-30,15.0,0.1025665805111606
2010-09-30,20.0,0.1037388860792015
2010-10-31,0.25,0.0957224607977357
2010-10-31,0.5,0.0945418691568163
2010-10-31,1.0,0.0970015012883005
2010-10-31,2.0,0.0971854934548685
2010-10-31,5.0,0.101126102059844
2010-10-31,7.0,0.0995210065774716
2010-10-31,10.0,0.1021100325248769
2010-10-31,15.0,0.1027091227341441
2010-10-31,20.0,0.1041534250133239
2010-11-30,0.25,0.0892872393136221
2010-11-30,0.5,0.0894950374439822
2010-11-30,1.0,0.0903430667680802
2010-11-30,2.0,0.0918927809739929
2010-11-30,5.0,0.095423212460574
2010-11-30,7.0,0.095910860832196
2010-11-30,10.0,0.0987719903614995
2010-11-30,15.0,0.1001744334238661
2010-11-30,20.0,0.100742472763813
2010-12-31,0.25,0.0981511840535651
2010-12-31,0.5,0.0983567377994693
2010-12-31,1.0,0.1004078407875278
2010-12-31,2.0,0.0997738416939224
2010-12-31,5.0,0.102075405911907
2010-12-31,7.0,0.1029067315859234
2010-12-31,10.0,0.1039540136121022
2010-12-31,15.0,0.1050824347008437
2010-12-31,20.0,0.1061171195137172
2011-01-31,0.25,0.1068440917408609
2011-01-31,0.5,0.1073431951695122
2011-01-31,1.0,0.1073422838856022
2011-01-31,2.0,0.1070307307965032
2011-01-31,5.0,0.109499704291972
2011-01-31,7.0,0.1100871377899301
2011-01-31,10.0,0.1102539109518623
2011-01-31,15.0,0.1109120426206952
2011-01-31,20.0,0.1125529426689855
2011-02-28,0.25,0.1077425863143127
2011-02-28,0.5,0.1066012578611775
2011-02-28,1.0,0.1079171933270245
2011-02-28,2.0,0.108500080168932
2011-02-28,5.0,0.1086645245488052
2011-02-28,7.0,0.1102372110247482
2011-02-28,10.0,0.1097953041130186
2011-02-28,15.0,0.1130730665009413
2011-02-28,20.0,0.1136800704124836
2011-03-31,0.25,0.1151226841869474
2011-03-31,0.5,0.1157318818379864
2011-03-31,1.0,0.1136318409198669
2011-03-31,2.0,0.1147988116166982
2011-03-31,5.0,0.1162951930448148
2011-03-31,7.0,0.1162722914018221
2011-03-31,10.0,0.1184929699726031
2011-03-31,15.0,0.120511630323672
2011-03-31,20.0,0.1186350196178037
2011-04-30,0.25,0.1166291125577606
2011-04-30,0.5,0.1176283810678895
2011-04-30,1.0,0.1188922464244275
2011-04-30,2.0,0.1168637771495323
2011-04-30,5.0,0.1189850951226955
2011-04-30,7.0,0.1208912500029018
2011-04-30,10.0,0.1189437570362763
2011-04-30,15.0,0.1202578793510797
2011-04-30,20.0,0.121613596255771
2011-05-31,0.25,0.1105671420650096
2011-05-31,0.5,0.1118075562595602
2011-05-31,1.0,0.111574117502212
2011-05-31,2.0,0.1102987933973856
2011-05-31,5.0,0.1132604010155841
2011-05-31,7.0,0.1130995958172106
2011-05-31,10.0,0.115465175907766
2011-05-31,15.0,0.1149949968886117
2011-05-31,20.0,0.1156672278460218
2011-06-30,0.25,0.1103009018921711
2011-06-30,0.5,0.1108444775279625
2011-06-30,1.0,0.1111662422674323
2011-06-30,2.0,0.1103792306516346
2011-06-30,5.0,0.114368574686114
2011-06-30,7.0,0.114205088499074
2011-06-30,10.0,0.1164144956757298
2011-06-30,15.0,0.1163365911378629
2011-06-30,20.0,0.1185687759988263
2011-07-31,0.25,0.1043533402014628
2011-07-31,0.5,0.1042657592490507
2011-07-31,1.0,0.1063037466797861
2011-07-31,2.0,0.1066253268783396
2011-07-31,5.0,0.107741413756058
2011-07-31,7.0,0.1103435525346854
2011-07-31,10.0,0.1099064020288545
2011-07-31,15.0,0.1114589073691176
2011-07-31,20.0,0.112363001821714
2011-08-31,0.25,0.1094079953713321
2011-08-31,0.5,0.1106061297885519
2011-08-31,1.0,0.1103020299475986
2011-08-31,2.0,0.1111963988941661
2011-08-31,5.0,0.1145977134184937
2011-08-31,7.0,0.1136890106851122
2011-08-31,10.0,0.11371951475973
2011-08-31,15.0,0.1181459662766981
2011-08-31,20.0,0.1196208352179842
2011-09-30,0.25,0.1167901780562429
2011-09-30,0.5,0.1154191347836006
2011-09-30,1.0,0.1163611577608314
2011-09-30,2.0,0.1157510420409035
2011-09-30,5.0,0.1151600721413786
2011-09-30,7.0,0.1145017396647368
2011-09-30,10.0,0.1162251497517322
2011-09-30,15.0,0.1169036320227812
2011-09-30,20.0,0.1158737166212482
2011-10-31,0.25,0.1210001650083071
2011-10-31,0.5,0.1216549217339787
2011-10-31,1.0,0.1192770556286085
2011-10-31,2.0,0.1173858200431286
2011-10-31,5.0,0.1152870692502726
2011-10-31,7.0,0.1154142870192113
2011-10-31,10.0,0.1134519121874922
2011-10-31,15.0,0.1154000539760515
2011-10-31,20.0,0.1154581747027047
2011-11-30,0.25,0.1172146255569218
2011-11-30,0.5,0.1151994383683323
2011-11-30,1.0,0.1158552680948767
2011-11-30,2.0,0.1122463068460665
2011-11-30,5.0,0.1115152826343139
2011-11-30,7.0,0.1108827058794087
2011-11-30,10.0,0.1098953608444194
2011-11-30,15.0,0.1111959355413921
2011-11-30,20.0,0.1125350138087091
2011-12-31,0.25,0.1182880649018572
2011-12-31,0.5,0.1170833820680956
2011-12-31,1.0,0.1181287784851253
2011-12-31,2.0,0.1168992451401443
2011-12-31,5.0,0.1168797090434521
2011-12-31,7.0,0.1172393450486723
2011-12-31,10.0,0.1163665619024788
2011-12-31,15.0,0.1171977584144247
2011-12-31,20.0,0.1194716614348217
2012-01-31,0.25,0.1114717220099153
2012-01-31,0.5,0.1100518175045426
2012-01-31,1.0,0.1130274123335307
2012-01-31,2.0,0.1130760324362321
2012-01-31,5.0,0.1136404334876604
2012-01-31,7.0,0.1139505593017539
2012-01-31,10.0,0.1166208630142975
2012-01-31,15.0,0.1173241556765001
2012-01-31,20.0,0.1196419596344381
2012-02-29,0.25,0.1134887678617953
2012-02-29,0.5,0.1134273403916121
2012-02-29,1.0,0.112825621473155
2012-02-29,2.0,0.1133170575782706
2012-02-29,5.0,0.1131161625463412
2012-02-29,7.0,0.1139164760466716
2012-02-29,10.0,0.1130448551266219
2012-02-29,15.0,0.1139496630572946
2012-02-29,20.0,0.1145324541960456
2012-03-31,0.25,0.1116276806325139
2012-03-31,0.5,0.1121578802802386
2012-03-31,1.0,0.1104333301205279
2012-03-31,2.0,0.1101637871168077
2012-03-31,5.0,0.1107049670624386
2012-03-31,7.0,0.1105552670079647
2012-03-31,10.0,0.1120596608832003
2012-03-31,15.0,0.1103322401118165
2012-03-31,20.0,0.1120899219511567
2012-04-30,0.25,0.1145071982319941
2012-04-30,0.5,0.1131911384843045
2012-04-30,1.0,0.1140269130661554
2012-04-30,2.0,0.1136180213645716
2012-04-30,5.0,0.1138590701109944
2012-04-30,7.0,0.115109763227243
2012-04-30,10.0,0.1144891788557677
2012-04-30,15.0,0.1146449248130563
2012-04-30,20.0,0.1160269397735114
2012-05-31,0.25,0.1103609704276673
2012-05-31,0.5,0.109119276634691
2012-05-31,1.0,0.1097675694562066
2012-05-31,2.0,0.1118999596162965
2012-05-31,5.0,0.1135553350388151
2012-05-31,7.0,0.1153692468258713
2012-05-31,10.0,0.1160538517075604
2012-05-31,15.0,0.1178880323907941
2012-05-31,20.0,0.1172383966819307
2012-06-30,0.25,0.1152098820522959
2012-06-30,0.5,0.1152155865650746
2012-06-30,1.0,0.1146178446145936
2012-06-30,2.0,0.1146496794943135
2012-06-30,5.0,0.1175262273383184
2012-06-30,7.0,0.1173920526447597
2012-06-30,10.0,0.1177240422007815
2012-06-30,15.0,0.1195068294090414
2012-06-30,20.0,0.1211629067838963
2012-07-31,0.25,0.116721093012332
2012-07-31,0.5,0.1174389007956809
2012-07-31,1.0,0.1179693900914135
2012-07-31,2.0,0.1199623858138751
2012-07-31,5.0,0.1196802550809209
2012-07-31,7.0,0.1206165382870513
2012-07-31,10.0,0.1198403003094263
2012-07-31,15.0,0.1208224977006333
2012-07-31,20.0,0.1227312623336752
2012-08-31,0.25,0.1259515725094446
2012-08-31,0.5,0.1267277825119496
2012-08-31,1.0,0.1267445264881056
2012-08-31,2.0,0.1280906931827186
2012-08-31,5.0,0.1303046274776818
2012-08-31,7.0,0.131929788761795
2012-08-31,10.0,0.1331754329557375
2012-08-31,15.0,0.132501444732432
2012-08-31,20.0,0.132740884931732
2012-09-30,0.25,0.1209281678666748
2012-09-30,0.5,0.1215646472184771
2012-09-30,1.0,0.1205930589892096
2012-09-30,2.0,0.1212095521516998
2012-09-30,5.0,0.1256705662727153
2012-09-30,7.0,0.1276711561132961
2012-09-30,10.0,0.1297541210971772
2012-09-30,15.0,0.130103469532105
2012-09-30,20.0,0.1301650343321188
2012-10-31,0.25,0.1163441505082676
2012-10-31,0.5,0.1174764016312611
2012-10-31,1.0,0.1178787877930778
2012-10-31,2.0,0.1183545633041272
2012-10-31,5.0,0.1232547235925941
2012-10-31,7.0,0.124222311876259
2012-10-31,10.0,0.1249651339886962
2012-10-31,15.0,0.1246125957976105
2012-10-31,20.0,0.1267819448898507
2012-11-30,0.25,0.1120533024611246
2012-11-30,0.5,0.1122850741706179
2012-11-30,1.0,0.1135468406252547
2012-11-30,2.0,0.1140458636827851
2012-11-30,5.0,0.1164710079531524
2012-11-30,7.0,0.1175290517491438
2012-11-30,10.0,0.1185234292925806
2012-11-30,15.0,0.1180971835771057
2012-11-30,20.0,0.1203339771492979
2012-12-31,0.25,0.1132823172259154
2012-12-31,0.5,0.113155019381059
2012-12-31,1.0,0.1162537116841416
2012-12-31,2.0,0.1174701305721665
2012-12-31,5.0,0.1198653919478738
2012-12-31,7.0,0.1202458829600394
2012-12-31,10.0,0.1224536585625188
2012-12-31,15.0,0.1227200662792514
2012-12-31,20.0,0.1236340025051381
2013-01-31,0.25,0.1187221179749603
2013-01-31,0.5,0.1203760103043724
2013-01-31,1.0,0.1208541306754818
2013-01-31,2.0,0.1209723433527727
2013-01-31,5.0,0.1247202585374301
2013-01-31,7.0,0.1259807393998469
2013-01-31,10.0,0.1288299679490621
2013-01-31,15.0,0.1294547429981939
2013-01-31,20.0,0.1295127885608805
2013-02-28,0.25,0.1171919293881549
2013-02-28,0.5,0.117532013062158
2013-02-28,1.0,0.1181586402877265
2013-02-28,2.0,0.118791465902766
2013-02-28,5.0,0.1225207182722163
2013-02-28,7.0,0.1234116137648237
2013-02-28,10.0,0.1244236524098998
2013-02-28,15.0,0.1272237818523307
2013-02-28,20.0,0.1279045235590338
2013-03-31,0.25,0.1103795049001639
2013-03-31,0.5,0.1121582556051891
2013-03-31,1.0,0.1137748809698715
2013-03-31,2.0,0.114991998601027
2013-03-31,5.0,0.1176333790810604
2013-03-31,7.0,0.1180994381658514
2013-03-31,10.0,0.1187171304962834
2013-03-31,15.0,0.1198592654003997
2013-03-31,20.0,0.1217620438472701
2013-04-30,0.25,0.1123281739779146
2013-04-30,0.5,0.1131540941121082
2013-04-30,1.0,0.1130920080166065
2013-04-30,2.0,0.1122190765852476
2013-04-30,5.0,0.1120405658499083
2013-04-30,7.0,0.1133468726821866
2013-04-30,10.0,0.1145401067560138
2013-04-30,15.0,0.1151795630293825
2013-04-30,20.0,0.1155364381423453
2013-05-31,0.25,0.1057000172922472
2013-05-31,0.5,0.105817521419997
2013-05-31,1.0,0.1069419886798032
2013-05-31,2.0,0.1096936048537323
2013-05-31,5.0,0.113339703735717
2013-05-31,7.0,0.115657740288473
2013-05-31,10.0,0.117449607817692
2013-05-31,15.0,0.1179359953317099
2013-05-31,20.0,0.1193038869340432
2013-06-30,0.25,0.1106739994947905
2013-06-30,0.5,0.1093166516290217
2013-06-30,1.0,0.1097759423763974
2013-06-30,2.0,0.1119784564362295
2013-06-30,5.0,0.1177055967872111
2013-06-30,7.0,0.1195073284088808
2013-06-30,10.0,0.1211563834953445
2013-06-30,15.0,0.1238378643100211
2013-06-30,20.0,0.1215694562234692
2013-07-31,0.25,0.113896672501495
2013-07-31,0.5,0.1154571304472687
2013-07-31,1.0,0.1143565667926678
2013-07-31,2.0,0.1166676384010257
2013-07-31,5.0,0.1200522922458754
2013-07-31,7.0,0.1215522775480918
2013-07-31,10.0,0.1236224155256119
2013-07-31,15.0,0.126544229940054
2013-07-31,20.0,0.1276855073248161
2013-08-31,0.25,0.1101306539218549
2013-08-31,0.5,0.1124439958380629
2013-08-31,1.0,0.111803342966236
2013-08-31,2.0,0.1145651161390678
2013-08-31,5.0,0.1161661318125686
2013-08-31,7.0,0.1177458219832446
2013-08-31,10.0,0.1193758296682281
2013-08-31,15.0,0.1230347186570735
2013-08-31,20.0,0.1219543241440508
2013-09-30,0.25,0.109659557530555
2013-09-30,0.5,0.1115817836795356
2013-09-30,1.0,0.1114825957887166
2013-09-30,2.0,0.1129511869009065
2013-09-30,5.0,0.1174896300752758
2013-09-30,7.0,0.1183079959876307
2013-09-30,10.0,0.1200462050247702
2013-09-30,15.0,0.1213051520585261
2013-09-30,20.0,0.1223627779832034
2013-10-31,0.25,0.1045788520683611
2013-10-31,0.5,0.1036373664515286
2013-10-31,1.0,0.1073540320694328
2013-10-31,2.0,0.1087164243984273
2013-10-31,5.0,0.1138306403904349
2013-10-31,7.0,0.11718471873317
2013-10-31,10.0,0.1194298163977393
2013-10-31,15.0,0.1206559325345893
2013-10-31,20.0,0.1227832621841771
2013-11-30,0.25,0.1065270668916075
2013-11-30,0.5,0.1080605140208585
2013-11-30,1.0,0.1092553991621526
2013-11-30,2.0,0.1118745463063808
2013-11-30,5.0,0.1167019696980819
2013-11-30,7.0,0.1175970851883205
2013-11-30,10.0,0.1208517494786408
2013-11-30,15.0,0.1220033097909815
2013-11-30,20.0,0.1212990544661326
2013-12-31,0.25,0.1181135450802321
2013-12-31,0.5,0.1199988623468651
2013-12-31,1.0,0.1203366289420863
2013-12-31,2.0,0.1212360802147455
2013-12-31,5.0,0.1232941026935499
2013-12-31,7.0,0.1245163762571296
2013-12-31,10.0,0.1262268293609165
2013-12-31,15.0,0.1257901917483077
2013-12-31,20.0,0.1264664820931356
2014-01-31,0.25,0.1132495446843945
2014-01-31,0.5,0.1150376811457691
2014-01-31,1.0,0.1169522279194496
2014-01-31,2.0,0.1174882107651288
2014-01-31,5.0,0.1198203017175626
2014-01-31,7.0,0.1221791443871525
2014-01-31,10.0,0.1245790376693894
2014-01-31,15.0,0.126373964975442
2014-01-31,20.0,0.1273227988890953
2014-02-28,0.25,0.1211939929509919
2014-02-28,0.5,0.1213511437475335
2014-02-28,1.0,0.1231434919620747
2014-02-28,2.0,0.1228988766920135
2014-02-28,5.0,0.1253610258313719
2014-02-28,7.0,0.1276695351705943
2014-02-28,10.0,0.127366478023403
2014-02-28,15.0,0.1302293895379932
2014-02-28,20.0,0.1307568307475056
2014-03-31,0.25,0.1190895436914285
2014-03-31,0.5,0.1209787964106885
2014-03-31,1.0,0.1200291523135788
2014-03-31,2.0,0.1235023136951011
2014-03-31,5.0,0.1246406439828877
2014-03-31,7.0,0.1251602363569342
2014-03-31,10.0,0.1276482588416543
2014-03-31,15.0,0.1281190718627289
2014-03-31,20.0,0.129154466934569
2014-04-30,0.25,0.1201323285706064
2014-04-30,0.5,0.1207527885710571
2014-04-30,1.0,0.120616474499243
2014-04-30,2.0,0.123209930384035
2014-04-30,5.0,0.1262732473657747
2014-04-30,7.0,0.1278431657588743
2014-04-30,10.0,0.1285167604930138
2014-04-30,15.0,0.1305644559967985
2014-04-30,20.0,0.1287427973952763
2014-05-31,0.25,0.1184378734092237
2014-05-31,0.5,0.1187119634475445
2014-05-31,1.0,0.1207071952355371
2014-05-31,2.0,0.1221255718063705
2014-05-31,5.0,0.1266126300819193
2014-05-31,7.0,0.1300334228612917
2014-05-31,10.0,0.1301450150765407
2014-05-31,15.0,0.1322184307778928
2014-05-31,20.0,0.1325400898234664
2014-06-30,0.25,0.1081429475461505
2014-06-30,0.5,0.1088237811773259
2014-06-30,1.0,0.110426182213979
2014-06-30,2.0,0.1130409721962774
2014-06-30,5.0,0.1177200377627478
2014-06-30,7.0,0.1184779396564072
2014-06-30,10.0,0.1204923983379995
2014-06-30,15.0,0.1207305707942193
2014-06-30,20.0,0.122426315564018
2014-07-31,0.25,0.1120671953768851
2014-07-31,0.5,0.1123919502285043
2014-07-31,1.0,0.1124750146837531
2014-07-31,2.0,0.113989486262543
2014-07-31,5.0,0.1159850363252834
2014-07-31,7.0,0.1176828495863151
2014-07-31,10.0,0.118176944430448
2014-07-31,15.0,0.1189287983741718
2014-07-31,20.0,0.120223497476297
2014-08-31,0.25,0.1079374332231235
2014-08-31,0.5,0.1108362305213479
2014-08-31,1.0,0.1079696022038341
2014-08-31,2.0,0.110071969786727
2014-08-31,5.0,0.1133583969894323
2014-08-31,7.0,0.114239426362039
2014-08-31,10.0,0.1139309040782589
2014-08-31,15.0,0.1154189160817741
2014-08-31,20.0,0.1177863445010312
2014-09-30,0.25,0.1120958929084145
2014-09-30,0.5,0.11414796181017
2014-09-30,1.0,0.1120227207040471
2014-09-30,2.0,0.1117704870761336
2014-09-30,5.0,0.1121611814436078
2014-09-30,7.0,0.1110852207170413
2014-09-30,10.0,0.110573827866403
2014-09-30,15.0,0.1120272159306615
2014-09-30,20.0,0.1126765288559259
2014-10-31,0.25,0.1130775732246214
2014-10-31,0.5,0.1136406615179903
2014-10-31,1.0,0.1125677557358459
2014-10-31,2.0,0.1127319522097261
2014-10-31,5.0,0.1103498832007253
2014-10-31,7.0,0.1098233433440694
2014-10-31,10.0,0.1100465319479105
2014-10-31,15.0,0.1108490783499391
2014-10-31,20.0,0.1116966957946356
2014-11-30,0.25,0.1225423045511327
2014-11-30,0.5,0.1221874896702655
2014-11-30,1.0,0.1232256497497427
2014-11-30,2.0,0.1208512407608027
2014-11-30,5.0,0.1183926852526729
2014-11-30,7.0,0.1196139922316808
2014-11-30,10.0,0.1197159249896434
2014-11-30,15.0,0.1186625640401072
2014-11-30,20.0,0.1206041886368028
2014-12-31,0.25,0.1231111100149154
2014-12-31,0.5,0.1222060865196131
2014-12-31,1.0,0.121196298223376
2014-12-31,2.0,0.1175143666355891
2014-12-31,5.0,0.1155903452985937
2014-12-31,7.0,0.1142324014199897
2014-12-31,10.0,0.113699722794018
2014-12-31,15.0,0.1150210043744038
2014-12-31,20.0,0.1159545489972868
2015-01-31,0.25,0.1157361609120483
2015-01-31,0.5,0.1147829951094136
2015-01-31,1.0,0.1125123072845039
2015-01-31,2.0,0.1109702345263627
2015-01-31,5.0,0.1082509881057365
2015-01-31,7.0,0.1069756556149315
2015-01-31,10.0,0.1066697721082838
2015-01-31,15.0,0.1075106687380385
2015-01-31,20.0,0.1072645333431145
2015-02-28,0.25,0.1183057533720311
2015-02-28,0.5,0.1179390956087787
2015-02-28,1.0,0.1175574877042611
2015-02-28,2.0,0.1149924295773529
2015-02-28,5.0,0.1119361996021145
2015-02-28,7.0,0.1113442409852143
2015-02-28,10.0,0.1101158270902789
2015-02-28,15.0,0.1112567902202974
2015-02-28,20.0,0.111400715133611
2015-03-31,0.25,0.1288518416784648
2015-03-31,0.5,0.1305894055888606
2015-03-31,1.0,0.1282052295680204
2015-03-31,2.0,0.12587029140098
2015-03-31,5.0,0.1242377278824185
2015-03-31,7.0,0.1238256808793681
2015-03-31,10.0,0.1246371307838816
2015-03-31,15.0,0.1248330005697509
2015-03-31,20.0,0.1252916669795099
2015-04-30,0.25,0.1326653069415135
2015-04-30,0.5,0.132136868114545
2015-04-30,1.0,0.1314694460560699
2015-04-30,2.0,0.1304343329099469
2015-04-30,5.0,0.1290385347468619
2015-04-30,7.0,0.1266251976025986
2015-04-30,10.0,0.1281332592056309
2015-04-30,15.0,0.1272397713985842
2015-04-30,20.0,0.1295511887509267
2015-05-31,0.25,0.1360864069211995
2015-05-31,0.5,0.1368805103701075
2015-05-31,1.0,0.1368168846242649
2015-05-31,2.0,0.1357014181703642
2015-05-31,5.0,0.1350318237498254
2015-05-31,7.0,0.1360982688028231
2015-05-31,10.0,0.1358175638635457
2015-05-31,15.0,0.1370639625847141
2015-05-31,20.0,0.1384686114591582
2015-06-30,0.25,0.126178388092213
2015-06-30,0.5,0.1270588137918808
2015-06-30,1.0,0.1264795346348949
2015-06-30,2.0,0.1243488918112445
2015-06-30,5.0,0.1248609045639309
2015-06-30,7.0,0.1245932382735328
2015-06-30,10.0,0.1243809963726271
2015-06-30,15.0,0.1243457037159293
2015-06-30,20.0,0.1248343834531684
2015-07-31,0.25,0.1070606503071967
2015-07-31,0.5,0.1080684132843639
2015-07-31,1.0,0.1070379389330608
2015-07-31,2.0,0.1083986967166981
2015-07-31,5.0,0.108014193924963
2015-07-31,7.0,0.1094978740139109
2015-07-31,10.0,0.1105840183854342
2015-07-31,15.0,0.1134726688657885
2015-07-31,20.0,0.1110852309527169
2015-08-31,0.25,0.1192430708135452
2015-08-31,0.5,0.1181833267440312
2015-08-31,1.0,0.1182952877584981
2015-08-31,2.0,0.1178666937105318
2015-08-31,5.0,0.1182682386751198
2015-08-31,7.0,0.1181547292992577
2015-08-31,10.0,0.1200415933647443
2015-08-31,15.0,0.1193836544926983
2015-08-31,20.0,0.1212822232769918
2015-09-30,0.25,0.1189174537561004
2015-09-30,0.5,0.1194805285033172
2015-09-30,1.0,0.118752219876955
2015-09-30,2.0,0.1200754550447513
2015-09-30,5.0,0.1215578219739317
2015-09-30,7.0,0.1208987417239154
2015-09-30,10.0,0.121561326688375
2015-09-30,15.0,0.1217982455185682
2015-09-30,20.0,0.1231629389096756
2015-10-31,0.25,0.1319840791524133
2015-10-31,0.5,0.1323968591898056
2015-10-31,1.0,0.132976194288744
2015-10-31,2.0,0.1332647485547131
2015-10-31,5.0,0.133871188106191
2015-10-31,7.0,0.1312639775478853
2015-10-31,10.0,0.1332741131344536
2015-10-31,15.0,0.1330584601073415
2015-10-31,20.0,0.1333319897134461
2015-11-30,0.25,0.1399864309357191
2015-11-30,0.5,0.1394615456277351
2015-11-30,1.0,0.1389908615508927
2015-11-30,2.0,0.1376964827723764
2015-11-30,5.0,0.1357724672969103
2015-11-30,7.0,0.1355729820199233
2015-11-30,10.0,0.1375665375727517
2015-11-30,15.0,0.1374601573521823
2015-11-30,20.0,0.1377655228521932
2015-12-31,0.25,0.1391124309358341
2015-12-31,0.5,0.1391870674085636
2015-12-31,1.0,0.137591707684018
2015-12-31,2.0,0.1350559713525328
2015-12-31,5.0,0.1335957255985189
2015-12-31,7.0,0.1331489550354244
2015-12-31,10.0,0.1319918817595556
2015-12-31,15.0,0.132677119410673
2015-12-31,20.0,0.1333564753777192
2016-01-31,0.25,0.1283988316915535
2016-01-31,0.5,0.1274024143374862
2016-01-31,1.0,0.126233067358893
2016-01-31,2.0,0.124215401394093
2016-01-31,5.0,0.1197919866323386
2016-01-31,7.0,0.1204436892641795
2016-01-31,10.0,0.1184621907934531
2016-01-31,15.0,0.1191831576301586
2016-01-31,20.0,0.1213178252194798
2016-02-29,0.25,0.1212747461899218
2016-02-29,0.5,0.1217083954345898
2016-02-29,1.0,0.1200544797488459
2016-02-29,2.0,0.118907230032426
2016-02-29,5.0,0.1193155662644432
2016-02-29,7.0,0.1197921759859187
2016-02-29,10.0,0.1202421800582629
2016-02-29,15.0,0.1218719434713296
2016-02-29,20.0,0.1212793864192023
2016-03-31,0.25,0.1274307360261825
2016-03-31,0.5,0.1263560537498774
2016-03-31,1.0,0.1274098395531603
2016-03-31,2.0,0.1268572939110263
2016-03-31,5.0,0.1263945737656732
2016-03-31,7.0,0.1271706906828222
2016-03-31,10.0,0.127812453196047
2016-03-31,15.0,0.1286139969928139
2016-03-31,20.0,0.1308747550718556
2016-04-30,0.25,0.1334860359771164
2016-04-30,0.5,0.1336887538740609
2016-04-30,1.0,0.1326937941492884
2016-04-30,2.0,0.1344338913100364
2016-04-30,5.0,0.136884620163541
2016-04-30,7.0,0.1375475718179425
2016-04-30,10.0,0.14031954586354
2016-04-30,15.0,0.1402831064888276
2016-04-30,20.0,0.1421680771413087
2016-05-31,0.25,0.128187270815477
2016-05-31,0.5,0.1286109830763395
2016-05-31,1.0,0.1292243576525452
2016-05-31,2.0,0.1304519021188654
2016-05-31,5.0,0.1344681578883394
2016-05-31,7.0,0.1324846359135111
2016-05-31,10.0,0.1340571187233965
2016-05-31,15.0,0.136552514689251
2016-05-31,20.0,0.137757559481888
2016-06-30,0.25,0.1189391990300622
2016-06-30,0.5,0.1188524150331957
2016-06-30,1.0,0.1182312973899542
2016-06-30,2.0,0.1194284776437128
2016-06-30,5.0,0.1200773450299759
2016-06-30,7.0,0.1199416082020716
2016-06-30,10.0,0.1213082741748066
2016-06-30,15.0,0.1217181557136301
2016-06-30,20.0,0.1217046476122278
2016-07-31,0.25,0.1017217369816259
2016-07-31,0.5,0.1012347188382091
2016-07-31,1.0,0.1010224156466319
2016-07-31,2.0,0.1019592176400476
2016-07-31,5.0,0.0988748584618863
2016-07-31,7.0,0.1000364264472924
2016-07-31,10.0,0.1007970282265579
2016-07-31,15.0,0.102310863059114
2016-07-31,20.0,0.1030208936544781
2016-08-31,0.25,0.0988935899043211
2016-08-31,0.5,0.0995098622660057
2016-08-31,1.0,0.0998775869961827
2016-08-31,2.0,0.1029448601409026
2016-08-31,5.0,0.1036883703529766
2016-08-31,7.0,0.1026800056271398
2016-08-31,10.0,0.1036422812107469
2016-08-31,15.0,0.1040906250903956
2016-08-31,20.0,0.1041702119451587
2016-09-30,0.25,0.0908647349049581
2016-09-30,0.5,0.0906135860156332
2016-09-30,1.0,0.09207701034512
2016-09-30,2.0,0.0920494772458206
2016-09-30,5.0,0.0954224294949068
2016-09-30,7.0,0.0974185830405315
2016-09-30,10.0,0.0989273287657793
2016-09-30,15.0,0.1003076693446268
2016-09-30,20.0,0.0996792332922008
2016-10-31,0.25,0.1009064064447657
2016-10-31,0.5,0.1000146928649
2016-10-31,1.0,0.1018551387829863
2016-10-31,2.0,0.1024602473332168
2016-10-31,5.0,0.1039495523695972
2016-10-31,7.0,0.1060229427451541
2016-10-31,10.0,0.1078683583863122
2016-10-31,15.0,0.1093837247018889
2016-10-31,20.0,0.1095361785868776
2016-11-30,0.25,0.0961081863746431
2016-11-30,0.5,0.0963871967348134
2016-11-30,1.0,0.0965548848256505
2016-11-30,2.0,0.0992859902287691
2016-11-30,5.0,0.1043117253920353
2016-11-30,7.0,0.1060856057947942
2016-11-30,10.0,0.1052638519275236
2016-11-30,15.0,0.1070962536872393
2016-11-30,20.0,0.1098595177936063
2016-12-31,0.25,0.0856587528178996
2016-12-31,0.5,0.0862478842086818
2016-12-31,1.0,0.0882820254204643
2016-12-31,2.0,0.0912419205698928
2016-12-31,5.0,0.09547678547216
2016-12-31,7.0,0.0969930324856406
2016-12-31,10.0,0.0988676483894464
2016-12-31,15.0,0.1005334539155159
2016-12-31,20.0,0.1012639234778158
2017-01-31,0.25,0.0895344511043256
2017-01-31,0.5,0.0886106620923893
2017-01-31,1.0,0.090197465900826
2017-01-31,2.0,0.0909167985904212
2017-01-31,5.0,0.0950417664101865
2017-01-31,7.0,0.0963030589495397
2017-01-31,10.0,0.0964253206612314
2017-01-31,15.0,0.0989995789310884
2017-01-31,20.0,0.0994773000739414
2017-02-28,0.25,0.0971033478244265
2017-02-28,0.5,0.0983019295545047
2017-02-28,1.0,0.1008715884255602
2017-02-28,2.0,0.1006624304239825
2017-02-28,5.0,0.1038784684506525
2017-02-28,7.0,0.1042472103763337
2017-02-28,10.0,0.1057203331656811
2017-02-28,15.0,0.1056114526173355
2017-02-28,20.0,0.10748419874657
2017-03-31,0.25,0.0919687442392758
2017-03-31,0.5,0.0911417305793396
2017-03-31,1.0,0.0923530900154133
2017-03-31,2.0,0.092827781267324
2017-03-31,5.0,0.0933086001706913
2017-03-31,7.0,0.0936495678594075
2017-03-31,10.0,0.0945544074143887
2017-03-31,15.0,0.0966670358043259
2017-03-31,20.0,0.0975516913082012
2017-04-30,0.25,0.0857496533254318
2017-04-30,0.5,0.0871653555120166
2017-04-30,1.0,0.088892474140097
2017-04-30,2.0,0.091043904170949
2017-04-30,5.0,0.0962181993280706
2017-04-30,7.0,0.0978735845674293
2017-04-30,10.0,0.097879860519377
2017-04-30,15.0,0.1016827776044778
2017-04-30,20.0,0.1007635051959487
2017-05-31,0.25,0.0918186085797976
2017-05-31,0.5,0.0916682407693929
2017-05-31,1.0,0.0923405670917591
2017-05-31,2.0,0.0929461637982364
2017-05-31,5.0,0.0979555473639587
2017-05-31,7.0,0.0984645545645396
2017-05-31,10.0,0.1021065437249715
2017-05-31,15.0,0.1040681312417291
2017-05-31,20.0,0.1030314345913598
2017-06-30,0.25,0.0894417033876375
2017-06-30,0.5,0.0891939674653476
2017-06-30,1.0,0.0902241023872598
2017-06-30,2.0,0.0928960353346074
2017-06-30,5.0,0.095625661068051
2017-06-30,7.0,0.0985546006357477
2017-06-30,10.0,0.0983059359370284
2017-06-30,15.0,0.1009545433615258
2017-06-30,20.0,0.1010304705356087
2017-07-31,0.25,0.0843040625516423
2017-07-31,0.5,0.0837576000597225
2017-07-31,1.0,0.0847982399541229
2017-07-31,2.0,0.0859128580313074
2017-07-31,5.0,0.0880064898487273
2017-07-31,7.0,0.0904612991897541
2017-07-31,10.0,0.0917772620136007
2017-07-31,15.0,0.0930653281631963
2017-07-31,20.0,0.0945802966491112
2017-08-31,0.25,0.0932179812296839
2017-08-31,0.5,0.0918253823944822
2017-08-31,1.0,0.0924520960640865
2017-08-31,2.0,0.0916687965295319
2017-08-31,5.0,0.0927138688856841
2017-08-31,7.0,0.0927169512408143
2017-08-31,10.0,0.0952043790671828
2017-08-31,15.0,0.0951405956015154
2017-08-31,20.0,0.0953231128645951
2017-09-30,0.25,0.0828571056065735
2017-09-30,0.5,0.0807463360856861
2017-09-30,1.0,0.0818359322423182
2017-09-30,2.0,0.0856529987756315
2017-09-30,5.0,0.0884810989668028
2017-09-30,7.0,0.0901522742335257
2017-09-30,10.0,0.0904300528306548
2017-09-30,15.0,0.0929425864042615
2017-09-30,20.0,0.0953633520357526
2017-10-31,0.25,0.0839161726108497
2017-10-31,0.5,0.0840747599339416
2017-10-31,1.0,0.0847371781538355
2017-10-31,2.0,0.0866492841861152
2017-10-31,5.0,0.0892490510928621
2017-10-31,7.0,0.0928788774483782
2017-10-31,10.0,0.0950520185788658
2017-10-31,15.0,0.0946896507026498
2017-10-31,20.0,0.0962503265195834
2017-11-30,0.25,0.0868710559803109
2017-11-30,0.5,0.0875241561888547
2017-11-30,1.0,0.0891556543113737
2017-11-30,2.0,0.0887686651158096
2017-11-30,5.0,0.093887385361897
2017-11-30,7.0,0.0953574012181111
2017-11-30,10.0,0.0959618654572836
2017-11-30,15.0,0.0955646203880669
2017-11-30,20.0,0.0975274819453928
2017-12-31,0.25,0.0940652364018909
2017-12-31,0.5,0.0916951740098705
2017-12-31,1.0,0.0950740566370136
2017-12-31,2.0,0.096758197591117
2017-12-31,5.0,0.1032131302488883
2017-12-31,7.0,0.104059656015671
2017-12-31,10.0,0.1068778468322977
2017-12-31,15.0,0.1087425779717692
2017-12-31,20.0,0.1106346348728343
2018-01-31,0.25,0.0986102271908664
2018-01-31,0.5,0.0995043346433433
2018-01-31,1.0,0.0987071020906958
2018-01-31,2.0,0.1019634908889001
2018-01-31,5.0,0.1029774264125188
2018-01-31,7.0,0.1043599216667621
2018-01-31,10.0,0.1060888216324816
2018-01-31,15.0,0.1061722741325837
2018-01-31,20.0,0.108360835017738
2018-02-28,0.25,0.0954468440552455
2018-02-28,0.5,0.0952437203803121
2018-02-28,1.0,0.0942578849316488
2018-02-28,2.0,0.0962601965632464
2018-02-28,5.0,0.098996661483189
2018-02-28,7.0,0.0979363338036566
2018-02-28,10.0,0.0997249074696897
2018-02-28,15.0,0.1025047618508086
2018-02-28,20.0,0.1027470053117175
2018-03-31,0.25,0.1001352812654857
2018-03-31,0.5,0.101440672967664
2018-03-31,1.0,0.1005029726993444
2018-03-31,2.0,0.1009122380800784
2018-03-31,5.0,0.1035348907176599
2018-03-31,7.0,0.101856338891726
2018-03-31,10.0,0.1022303946435836
2018-03-31,15.0,0.1042351290104613
2018-03-31,20.0,0.1049157283950897
2018-04-30,0.25,0.0988057752189141
2018-04-30,0.5,0.0987105641730297
2018-04-30,1.0,0.1018544892861296
2018-04-30,2.0,0.1010160991232176
2018-04-30,5.0,0.1020598311225494
2018-04-30,7.0,0.1043602798361713
2018-04-30,10.0,0.1046424486705467
2018-04-30,15.0,0.1057183101702393
2018-04-30,20.0,0.1070898260501917
2018-05-31,0.25,0.1098868879669595
2018-05-31,0.5,0.1113342478631899
2018-05-31,1.0,0.1127291036040711
2018-05-31,2.0,0.1117821990538353
2018-05-31,5.0,0.1120008218501011
2018-05-31,7.0,0.1125262562453467
2018-05-31,10.0,0.1134198225136483
2018-05-31,15.0,0.1145530414369231
2018-05-31,20.0,0.1151210047689905
2018-06-30,0.25,0.1200187032165365
2018-06-30,0.5,0.1178219064777269
2018-06-30,1.0,0.1196640110325279
2018-06-30,2.0,0.1182487952988559
2018-06-30,5.0,0.1185718595372233
2018-06-30,7.0,0.1175850380310421
2018-06-30,10.0,0.1200291077548277
2018-06-30,15.0,0.1207558343654455
2018-06-30,20.0,0.1211324405386061
2018-07-31,0.25,0.1195191853042055
2018-07-31,0.5,0.1213297480519915
2018-07-31,1.0,0.1207793057637473
2018-07-31,2.0,0.1187876033351933
2018-07-31,5.0,0.119841224238349
2018-07-31,7.0,0.1203936568736074
2018-07-31,10.0,0.121046830243593
2018-07-31,15.0,0.1215499117329397
2018-07-31,20.0,0.1222502566685204
2018-08-31,0.25,0.1298985064633431
2018-08-31,0.5,0.1296463058611616
2018-08-31,1.0,0.1261797518814129
2018-08-31,2.0,0.1278673196036691
2018-08-31,5.0,0.1278368642729022
2018-08-31,7.0,0.1268288707483842
2018-08-31,10.0,0.1288225895429993
2018-08-31,15.0,0.1305630829183924
2018-08-31,20.0,0.1293070571931916
2018-09-30,0.25,0.120572954231655
2018-09-30,0.5,0.119517692697515
2018-09-30,1.0,0.119521935264947
2018-09-30,2.0,0.1208912417936718
2018-09-30,5.0,0.1191262872654237
2018-09-30,7.0,0.1201933685471561
2018-09-30,10.0,0.1188443753251553
2018-09-30,15.0,0.1226487131340046
2018-09-30,20.0,0.122253409402977
2018-10-31,0.25,0.1114501330469855
2018-10-31,0.5,0.1122617470366457
2018-10-31,1.0,0.1109538209337737
2018-10-31,2.0,0.1134604549959748
2018-10-31,5.0,0.1135606259737864
2018-10-31,7.0,0.1144321353512008
2018-10-31,10.0,0.1151365036504837
2018-10-31,15.0,0.1161489786852535
2018-10-31,20.0,0.1178579214615979
2018-11-30,0.25,0.1050574625710099
2018-11-30,0.5,0.105636206458475
2018-11-30,1.0,0.1054917944908529
2018-11-30,2.0,0.1065143469064045
2018-11-30,5.0,0.1073939924165885
2018-11-30,7.0,0.1104011209105187
2018-11-30,10.0,0.1083890814437611
2018-11-30,15.0,0.1117943916957834
2018-11-30,20.0,0.1125854262123614
2018-12-31,0.25,0.1012346508017688
2018-12-31,0.5,0.1040113643678358
2018-12-31,1.0,0.1034985386767014
2018-12-31,2.0,0.1042338280930929
2018-12-31,5.0,0.1053829274570821
2018-12-31,7.0,0.1061730284795513
2018-12-31,10.0,0.1072851093944219
2018-12-31,15.0,0.1089582096337345
2018-12-31,20.0,0.1104867850374056
2019-01-31,0.25,0.0955096949281392
2019-01-31,0.5,0.0948671193358107
2019-01-31,1.0,0.0965843789250391
2019-01-31,2.0,0.0971745803532453
2019-01-31,5.0,0.0984155139652911
2019-01-31,7.0,0.0993161582373968
2019-01-31,10.0,0.0994800694260755
2019-01-31,15.0,0.1000645134373339
2019-01-31,20.0,0.100809634188826
2019-02-28,0.25,0.1023236746650065
2019-02-28,0.5,0.1038449490222634
2019-02-28,1.0,0.1035377161521492
2019-02-28,2.0,0.1031348815810771
2019-02-28,5.0,0.1014053623129535
2019-02-28,7.0,0.1031874353842772
2019-02-28,10.0,0.1057234771967202
2019-02-28,15.0,0.1051916686994473
2019-02-28,20.0,0.1066469209989698
2019-03-31,0.25,0.0970060162611549
2019-03-31,0.5,0.0995844467858933
2019-03-31,1.0,0.0987985649364881
2019-03-31,2.0,0.099910729871013
2019-03-31,5.0,0.1034617513614421
2019-03-31,7.0,0.1038072147972779
2019-03-31,10.0,0.1034600342047657
2019-03-31,15.0,0.1044273066020809
2019-03-31,20.0,0.1053624852830726
2019-04-30,0.25,0.0898073224656153
2019-04-30,0.5,0.0896654482400778
2019-04-30,1.0,0.0899780610411299
2019-04-30,2.0,0.0923397734004275
2019-04-30,5.0,0.0931956069541604
2019-04-30,7.0,0.0961895098471005
2019-04-30,10.0,0.0955905325363369
2019-04-30,15.0,0.0981791193303356
2019-04-30,20.0,0.0977681674380379
2019-05-31,0.25,0.0909568341331363
2019-05-31,0.5,0.0896212753355856
2019-05-31,1.0,0.0894509245602559
2019-05-31,2.0,0.0903573176614043
2019-05-31,5.0,0.091013640127819
2019-05-31,7.0,0.0906529131879285
2019-05-31,10.0,0.0902188576012258
2019-05-31,15.0,0.0910472274071004
2019-05-31,20.0,0.0916261950845516
2019-06-30,0.25,0.0887221966905542
2019-06-30,0.5,0.090459578561494
2019-06-30,1.0,0.0916079949033881
2019-06-30,2.0,0.0912223539378421
2019-06-30,5.0,0.0909017390591875
2019-06-30,7.0,0.0933934870197386
2019-06-30,10.0,0.0943994578526499
2019-06-30,15.0,0.0973215720321161
2019-06-30,20.0,0.0951767453539038
2019-07-31,0.25,0.0928852510107585
2019-07-31,0.5,0.0950040974202841
2019-07-31,1.0,0.094710546600863
2019-07-31,2.0,0.0959496254579276
2019-07-31,5.0,0.0982255007853719
2019-07-31,7.0,0.0996416799917075
2019-07-31,10.0,0.1013151508846264
2019-07-31,15.0,0.1013724502351345
2019-07-31,20.0,0.1034808791858473
2019-08-31,0.25,0.1059554413201658
2019-08-31,0.5,0.1076999424199856
2019-08-31,1.0,0.1081853217377248
2019-08-31,2.0,0.1085214954992103
2019-08-31,5.0,0.1113038948948003
2019-08-31,7.0,0.1119525938264435
2019-08-31,10.0,0.1128148170478104
2019-08-31,15.0,0.1146563556166414
2019-08-31,20.0,0.1147972859688235
2019-09-30,0.25,0.1279078844657179
2019-09-30,0.5,0.1269173185287798
2019-09-30,1.0,0.1286555674979667
2019-09-30,2.0,0.127520780956321
2019-09-30,5.0,0.1292202705536009
2019-09-30,7.0,0.1299146654113229
2019-09-30,10.0,0.132380813450128
2019-09-30,15.0,0.1326506573922787
2019-09-30,20.0,0.1329005830046566
2019-10-31,0.25,0.1286440085115835
2019-10-31,0.5,0.1267703405562426
2019-10-31,1.0,0.1287126753634672
2019-10-31,2.0,0.1307957585293776
2019-10-31,5.0,0.130642095291747
2019-10-31,7.0,0.1313777810458989
2019-10-31,10.0,0.1327058701232175
2019-10-31,15.0,0.1340735785536204
2019-10-31,20.0,0.1324495410346845
2019-11-30,0.25,0.1240010229213902
2019-11-30,0.5,0.1254460454771565
2019-11-30,1.0,0.1244866216402391
2019-11-30,2.0,0.1257108193318107
2019-11-30,5.0,0.1241724093346469
2019-11-30,7.0,0.1231093116681622
2019-11-30,10.0,0.1241351622599327
2019-11-30,15.0,0.1237512999397322
2019-11-30,20.0,0.1263715726039614
2019-12-31,0.25,0.1135769370805157
2019-12-31,0.5,0.1131883850259723
2019-12-31,1.0,0.1139337954982273
2019-12-31,2.0,0.1132368397559047
2019-12-31,5.0,0.1111706319781771
2019-12-31,7.0,0.1095728679099886
2019-12-31,10.0,0.1120566672708456
2019-12-31,15.0,0.1126741909147533
2019-12-31,20.0,0.1130467401203262
2020-01-31,0.25,0.1180144964653408
2020-01-31,0.5,0.1159901451342369
2020-01-31,1.0,0.1178756825749334
2020-01-31,2.0,0.1143827429956613
2020-01-31,5.0,0.1141734842710474
2020-01-31,7.0,0.1119847587994275
2020-01-31,10.0,0.1126992808596725
2020-01-31,15.0,0.1152129105357268
2020-01-31,20.0,0.1143286930051904
2020-02-29,0.25,0.1040491575943784
2020-02-29,0.5,0.1032335052096383
2020-02-29,1.0,0.1022593235458874
2020-02-29,2.0,0.1022373621933729
2020-02-29,5.0,0.0992347325478811
2020-02-29,7.0,0.0977085556849032
2020-02-29,10.0,0.0985575677155627
2020-02-29,15.0,0.1001707091515892
2020-02-29,20.0,0.1005761028768466
2020-03-31,0.25,0.1005138343361864
2020-03-31,0.5,0.1004288792127195
2020-03-31,1.0,0.0990664666082043
2020-03-31,2.0,0.0967535275912019
2020-03-31,5.0,0.0918285031497827
2020-03-31,7.0,0.091292166727103
2020-03-31,10.0,0.0905929683151525
2020-03-31,15.0,0.0918844766505703
2020-03-31,20.0,0.0923189397562952
2020-04-30,0.25,0.1038029605587953
2020-04-30,0.5,0.103061510017891
2020-04-30,1.0,0.1024016641180878
2020-04-30,2.0,0.099800244984909
2020-04-30,5.0,0.0966263552307579
2020-04-30,7.0,0.0960824405882985
2020-04-30,10.0,0.0960535671267319
2020-04-30,15.0,0.0959429197292842
2020-04-30,20.0,0.0974710244873016
2020-05-31,0.25,0.0783136184875299
2020-05-31,0.5,0.0765075848999824
2020-05-31,1.0,0.0777903098889784
2020-05-31,2.0,0.0775495165980032
2020-05-31,5.0,0.0784170129340311
2020-05-31,7.0,0.0785965665383257
2020-05-31,10.0,0.0781243333366357
2020-05-31,15.0,0.0791986371988033
2020-05-31,20.0,0.0808742626813281
2020-06-30,0.25,0.0661947628518387
2020-06-30,0.5,0.0633295445983616
2020-06-30,1.0,0.0647905758629225
2020-06-30,2.0,0.0644576582258919
2020-06-30,5.0,0.0620123745128159
2020-06-30,7.0,0.0624077054855488
2020-06-30,10.0,0.0615726813331412
2020-06-30,15.0,0.062633485798128
2020-06-30,20.0,0.061980594604835
2020-07-31,0.25,0.0807872474621726
2020-07-31,0.5,0.08334500306777
2020-07-31,1.0,0.0815782942319013
2020-07-31,2.0,0.0815958876095312
2020-07-31,5.0,0.0805984246060541
2020-07-31,7.0,0.0808063253655969
2020-07-31,10.0,0.0822832607633277
2020-07-31,15.0,0.0826371935436479
2020-07-31,20.0,0.0841302211959608
2020-08-31,0.25,0.0929695840167653
2020-08-31,0.5,0.0928326139252233
2020-08-31,1.0,0.092615760531719
2020-08-31,2.0,0.093403129750368
2020-08-31,5.0,0.0912607767852681
2020-08-31,7.0,0.0923774716966598
2020-08-31,10.0,0.0938805427367281
2020-08-31,15.0,0.0948260291487508
2020-08-31,20.0,0.0932958602854084
2020-09-30,0.25,0.0948986533987103
2020-09-30,0.5,0.0959641034488994
2020-09-30,1.0,0.0946970104356662
2020-09-30,2.0,0.0934384585814491
2020-09-30,5.0,0.0917364426705598
2020-09-30,7.0,0.0914361245362025
2020-09-30,10.0,0.0921411925834496
2020-09-30,15.0,0.0923024700936802
2020-09-30,20.0,0.0930186273449687
2020-10-31,0.25,0.0822171704453957
2020-10-31,0.5,0.0818004040169279
2020-10-31,1.0,0.0830186746580913
2020-10-31,2.0,0.085306855369458
2020-10-31,5.0,0.0827658757350734
2020-10-31,7.0,0.0851893593272795
2020-10-31,10.0,0.0852296811725304
2020-10-31,15.0,0.0873663380619498
2020-10-31,20.0,0.0876254510891878
2020-11-30,0.25,0.0739764010548075
2020-11-30,0.5,0.0748066460246745
2020-11-30,1.0,0.0748364529648793
2020-11-30,2.0,0.0769112156418086
2020-11-30,5.0,0.0770894344997672
2020-11-30,7.0,0.081595412605633
2020-11-30,10.0,0.0820313924245021
2020-11-30,15.0,0.0839799686324342
2020-11-30,20.0,0.0829171976683503
2020-12-31,0.25,0.0651025044287861
2020-12-31,0.5,0.0667269337536615
2020-12-31,1.0,0.0680390900907727
2020-12-31,2.0,0.0706426405855689
2020-12-31,5.0,0.0761758599095986
2020-12-31,7.0,0.075935075797691
2020-12-31,10.0,0.0800883451314446
2020-12-31,15.0,0.081055977505697
2020-12-31,20.0,0.0817630706629672
2021-01-31,0.25,0.0781506915608525
2021-01-31,0.5,0.080681506222008
2021-01-31,1.0,0.0799878511437692
2021-01-31,2.0,0.0851294788186819
2021-01-31,5.0,0.0889187648014624
2021-01-31,7.0,0.0924089633713058
2021-01-31,10.0,0.0944075599368788
2021-01-31,15.0,0.0972901535827656
2021-01-31,20.0,0.0971203072849945
2021-02-28,0.25,0.078310115768455
2021-02-28,0.5,0.0792228991776618
2021-02-28,1.0,0.0819427107653914
2021-02-28,2.0,0.0834738362161895
2021-02-28,5.0,0.087176803798584
2021-02-28,7.0,0.0891760929402119
2021-02-28,10.0,0.0899441741494525
2021-02-28,15.0,0.0931661195458988
2021-02-28,20.0,0.0923005556841815
2021-03-31,0.25,0.0829742534776295
2021-03-31,0.5,0.0830587994704604
2021-03-31,1.0,0.0858343464283145
2021-03-31,2.0,0.0846212607477174
2021-03-31,5.0,0.0888495141211657
2021-03-31,7.0,0.0918943556276526
2021-03-31,10.0,0.0929520658833192
2021-03-31,15.0,0.0929145280178309
2021-03-31,20.0,0.0944507704092963
2021-04-30,0.25,0.0966114641260129
2021-04-30,0.5,0.0973222378997508
2021-04-30,1.0,0.0973312030285493
2021-04-30,2.0,0.0991038693216277
2021-04-30,5.0,0.100785814124438
2021-04-30,7.0,0.1035057450079507
2021-04-30,10.0,0.1051457937728868
2021-04-30,15.0,0.1059773149368239
2021-04-30,20.0,0.1056389244586275
2021-05-31,0.25,0.0936800270998315
2021-05-31,0.5,0.0939703291768155
2021-05-31,1.0,0.094442861513212
2021-05-31,2.0,0.0970005610152976
2021-05-31,5.0,0.1006154396568465
2021-05-31,7.0,0.1029285772762758
2021-05-31,10.0,0.1051944194347646
2021-05-31,15.0,0.1082923584227988
2021-05-31,20.0,0.107658974286665
2021-06-30,0.25,0.0883488214993092
2021-06-30,0.5,0.0886570913042813
2021-06-30,1.0,0.0914720351810866
2021-06-30,2.0,0.0947590274034079
2021-06-30,5.0,0.1027569107014614
2021-06-30,7.0,0.1044777860436915
2021-06-30,10.0,0.1062669667048826
2021-06-30,15.0,0.1085793597460804
2021-06-30,20.0,0.1102564552208919
2021-07-31,0.25,0.0777608867836873
2021-07-31,0.5,0.080193443042794
2021-07-31,1.0,0.0814126748501909
2021-07-31,2.0,0.086841674140999
2021-07-31,5.0,0.0899174688849969
2021-07-31,7.0,0.0940286313346153
2021-07-31,10.0,0.0953475906843893
2021-07-31,15.0,0.097864972633292
2021-07-31,20.0,0.0993268376419071
2021-08-31,0.25,0.0740498182729416
2021-08-31,0.5,0.0772004342760852
2021-08-31,1.0,0.0804455163268117
2021-08-31,2.0,0.0817041828139442
2021-08-31,5.0,0.0886163622767047
2021-08-31,7.0,0.091778059097143
2021-08-31,10.0,0.0932042913353993
2021-08-31,15.0,0.0948760217482452
2021-08-31,20.0,0.0944729471262968
2021-09-30,0.25,0.0943237328900806
2021-09-30,0.5,0.094605632417369
2021-09-30,1.0,0.0954053764440963
2021-09-30,2.0,0.0988078855930082
2021-09-30,5.0,0.1033688042838249
2021-09-30,7.0,0.1055355240485542
2021-09-30,10.0,0.1084732597665758
2021-09-30,15.0,0.1087009702080496
2021-09-30,20.0,0.1114987031786653
2021-10-31,0.25,0.1007700365917342
2021-10-31,0.5,0.1020047406002964
2021-10-31,1.0,0.105158070176225
2021-10-31,2.0,0.1062907733163339
2021-10-31,5.0,0.1092550252327311
2021-10-31,7.0,0.1100746287633934
2021-10-31,10.0,0.1120493688873076
2021-10-31,15.0,0.114069426650368
2021-10-31,20.0,0.1148596830311576
2021-11-30,0.25,0.1148026009126984
2021-11-30,0.5,0.1154229511521869
2021-11-30,1.0,0.116225384484755
2021-11-30,2.0,0.1167872987954629
2021-11-30,5.0,0.1208974110064565
2021-11-30,7.0,0.1235450761032865
2021-11-30,10.0,0.12324459404634
2021-11-30,15.0,0.1256490818544573
2021-11-30,20.0,0.1259418478249889
2021-12-31,0.25,0.1268440004696286
2021-12-31,0.5,0.1268115131553287
2021-12-31,1.0,0.1288804385642129
2021-12-31,2.0,0.1290278517463067
2021-12-31,5.0,0.1297912273465499
2021-12-31,7.0,0.1324747334495715
2021-12-31,10.0,0.1325139600248975
2021-12-31,15.0,0.1339227875957811
2021-12-31,20.0,0.1353719804049427
2022-01-31,0.25,0.1439624215604302
2022-01-31,0.5,0.1453843788810577
2022-01-31,1.0,0.14452961924027
2022-01-31,2.0,0.1454170341552756
2022-01-31,5.0,0.1473059088677466
2022-01-31,7.0,0.1483701560914442
2022-01-31,10.0,0.1508122083786985
2022-01-31,15.0,0.1516318264994959
2022-01-31,20.0,0.1532175935847945
2022-02-28,0.25,0.1371166131608313
2022-02-28,0.5,0.1346784641223259
2022-02-28,1.0,0.1358312915791598
2022-02-28,2.0,0.1352527151093136
2022-02-28,5.0,0.1368509015173286
2022-02-28,7.0,0.1377353132420963
2022-02-28,10.0,0.1383206226354058
2022-02-28,15.0,0.1394037369095658
2022-02-28,20.0,0.1408171373403474
2022-03-31,0.25,0.1377991569143223
2022-03-31,0.5,0.1398312047783368
2022-03-31,1.0,0.1390312367020563
2022-03-31,2.0,0.1429900393728182
2022-03-31,5.0,0.1426976020728084
2022-03-31,7.0,0.1442480107583259
2022-03-31,10.0,0.1443782006217415
2022-03-31,15.0,0.1480480289951886
2022-03-31,20.0,0.1483204476521722
2022-04-30,0.25,0.1464655062864547
2022-04-30,0.5,0.1455727319655778
2022-04-30,1.0,0.1474944714455527
2022-04-30,2.0,0.1475184196357979
2022-04-30,5.0,0.1521111029940206
2022-04-30,7.0,0.1527939988159697
2022-04-30,10.0,0.153507044912262
2022-04-30,15.0,0.1527885840023938
2022-04-30,20.0,0.1547036189330803
2022-05-31,0.25,0.1572220886521023
2022-05-31,0.5,0.1580103415123454
2022-05-31,1.0,0.1585046681249854
2022-05-31,2.0,0.1572697666966018
2022-05-31,5.0,0.1610063878459543
2022-05-31,7.0,0.1626759371304831
2022-05-31,10.0,0.1617338425285784
2022-05-31,15.0,0.1643055647977293
2022-05-31,20.0,0.165267695999364
2022-06-30,0.25,0.142772371933556
2022-06-30,0.5,0.1417114638057237
2022-06-30,1.0,0.1431675134252975
2022-06-30,2.0,0.1435234123441781
2022-06-30,5.0,0.1448317974967336
2022-06-30,7.0,0.1452256041880437
2022-06-30,10.0,0.1462161879066202
2022-06-30,15.0,0.1475968127702379
2022-06-30,20.0,0.1486638659074946
2022-07-31,0.25,0.1404266414526804
2022-07-31,0.5,0.1406393663171845
2022-07-31,1.0,0.1414884512863207
2022-07-31,2.0,0.140588218577546
2022-07-31,5.0,0.1443277142743202
2022-07-31,7.0,0.1449028891259819
2022-07-31,10.0,0.1460172968722164
2022-07-31,15.0,0.1479321877406741
2022-07-31,20.0,0.1463170752429522
2022-08-31,0.25,0.1386982377028606
2022-08-31,0.5,0.1406841471452549
2022-08-31,1.0,0.1407081167426229
2022-08-31,2.0,0.1412301082072314
2022-08-31,5.0,0.1419319381144097
2022-08-31,7.0,0.1435742809082395
2022-08-31,10.0,0.1446953517614737
2022-08-31,15.0,0.1454022164385081
2022-08-31,20.0,0.1454899297946816
2022-09-30,0.25,0.1513408576375778
2022-09-30,0.5,0.1539166330059184
2022-09-30,1.0,0.1546848110504977
2022-09-30,2.0,0.1548648489776085
2022-09-30,5.0,0.1553391681133249
2022-09-30,7.0,0.1574942742666976
2022-09-30,10.0,0.1586893484830184
2022-09-30,15.0,0.1604027106813592
2022-09-30,20.0,0.1591638143123269
2022-10-31,0.25,0.1568788598164106
2022-10-31,0.5,0.1579717843973297
2022-10-31,1.0,0.1578984239858337
2022-10-31,2.0,0.1577205947151581
2022-10-31,5.0,0.1608631002935803
2022-10-31,7.0,0.1619853415758733
2022-10-31,10.0,0.1627024366663075
2022-10-31,15.0,0.1640033275465441
2022-10-31,20.0,0.1643414461208654
2022-11-30,0.25,0.1464791673586297
2022-11-30,0.5,0.1447080735087707
2022-11-30,1.0,0.1451059668584912
2022-11-30,2.0,0.145796130069162
2022-11-30,5.0,0.1473848990888003
2022-11-30,7.0,0.1461146413210902
2022-11-30,10.0,0.1470809892640937
2022-11-30,15.0,0.1475075012660602
2022-11-30,20.0,0.1498309761719727
2022-12-31,0.25,0.1194739109356
2022-12-31,0.5,0.1206810188828867
2022-12-31,1.0,0.122554086848981
2022-12-31,2.0,0.1232003764480964
2022-12-31,5.0,0.1275370512783853
2022-12-31,7.0,0.1287099556079023
2022-12-31,10.0,0.1310899793225891
2022-12-31,15.0,0.1324430251503718
2022-12-31,20.0,0.1323203878981044
2023-01-31,0.25,0.1082339356816038
2023-01-31,0.5,0.1100801840028394
2023-01-31,1.0,0.1110630419454323
2023-01-31,2.0,0.1120949338156206
2023-01-31,5.0,0.118816125891291
2023-01-31,7.0,0.1195288422009564
2023-01-31,10.0,0.123542174260942
2023-01-31,15.0,0.125005739515868
2023-01-31,20.0,0.1253049213574656
2023-02-28,0.25,0.0988870192599901
2023-02-28,0.5,0.0997304141759916
2023-02-28,1.0,0.1024174431676846
2023-02-28,2.0,0.1048293419192617
2023-02-28,5.0,0.1118558862762504
2023-02-28,7.0,0.1149849936359449
2023-02-28,10.0,0.1162726008496707
2023-02-28,15.0,0.1182710078897091
2023-02-28,20.0,0.1187716964597115
2023-03-31,0.25,0.0884401245086924
2023-03-31,0.5,0.0893802976976421
2023-03-31,1.0,0.094159779183557
2023-03-31,2.0,0.0995301933569216
2023-03-31,5.0,0.1080976974620449
2023-03-31,7.0,0.109098361557656
2023-03-31,10.0,0.114082101776025
2023-03-31,15.0,0.1171087594037234
2023-03-31,20.0,0.1166911735422089
2023-04-30,0.25,0.0875681917979449
2023-04-30,0.5,0.0874078342170218
2023-04-30,1.0,0.0919163560679694
2023-04-30,2.0,0.0952860287229471
2023-04-30,5.0,0.1050349063666054
2023-04-30,7.0,0.1070201062421865
2023-04-30,10.0,0.1117673648606226
2023-04-30,15.0,0.114596646350034
2023-04-30,20.0,0.1142289060248069
2023-05-31,0.25,0.0982366241375398
2023-05-31,0.5,0.0986028551715667
2023-05-31,1.0,0.1021737029733612
2023-05-31,2.0,0.1053094181812765
2023-05-31,5.0,0.1113289549446514
2023-05-31,7.0,0.1156415371765911
2023-05-31,10.0,0.1174264066391428
2023-05-31,15.0,0.1190141230252781
2023-05-31,20.0,0.1204075781345322
2023-06-30,0.25,0.1036558444299032
2023-06-30,0.5,0.1044043764939424
2023-06-30,1.0,0.105770975783696
2023-06-30,2.0,0.1095817261421008
2023-06-30,5.0,0.1146250657113602
2023-06-30,7.0,0.118173600491077
2023-06-30,10.0,0.1206789285508806
2023-06-30,15.0,0.1222135542553778
2023-06-30,20.0,0.1238971309655042
2023-07-31,0.25,0.1120769584392146
2023-07-31,0.5,0.1140729575993263
2023-07-31,1.0,0.1157690900737054
2023-07-31,2.0,0.1157227673774617
2023-07-31,5.0,0.1245796547536075
2023-07-31,7.0,0.1234674380193673
2023-07-31,10.0,0.1275692372712485
2023-07-31,15.0,0.130746652438294
2023-07-31,20.0,0.1305848828473126
2023-08-31,0.25,0.1148527118506677
2023-08-31,0.5,0.1157760045516568
2023-08-31,1.0,0.1185183730465103
2023-08-31,2.0,0.1178641015291624
2023-08-31,5.0,0.1239723211285175
2023-08-31,7.0,0.1246328059912859
2023-08-31,10.0,0.1253342588924518
2023-08-31,15.0,0.1273376998312406
2023-08-31,20.0,0.1278029665167221
2023-09-30,0.25,0.1170334611004215
2023-09-30,0.5,0.1172097729497279
2023-09-30,1.0,0.1156712923460005
2023-09-30,2.0,0.1173931099841923
2023-09-30,5.0,0.118770365677411
2023-09-30,7.0,0.1214261322242681
2023-09-30,10.0,0.1203716144973175
2023-09-30,15.0,0.1238991893275405
2023-09-30,20.0,0.1233009020310561
2023-10-31,0.25,0.1128891757972473
2023-10-31,0.5,0.1135875749550879
2023-10-31,1.0,0.1139606665797699
2023-10-31,2.0,0.1143343234374999
2023-10-31,5.0,0.1173284308033586
2023-10-31,7.0,0.1172547606203029
2023-10-31,10.0,0.1175971826830551
2023-10-31,15.0,0.1202299605098988
2023-10-31,20.0,0.1198112032424539
2023-11-30,0.25,0.119072778616818
2023-11-30,0.5,0.1189572151068499
2023-11-30,1.0,0.1189122784303973
2023-11-30,2.0,0.1210519970098483
2023-11-30,5.0,0.1197042507948461
2023-11-30,7.0,0.1202443992576797
2023-11-30,10.0,0.1192469853075224
2023-11-30,15.0,0.1210277560877469
2023-11-30,20.0,0.1223543096572317
2023-12-31,0.25,0.1187591437091308
2023-12-31,0.5,0.1203468181411613
2023-12-31,1.0,0.1186405567188494
2023-12-31,2.0,0.1193112741926313
2023-12-31,5.0,0.1194571613951277
2023-12-31,7.0,0.1205090502361338
2023-12-31,10.0,0.1205361266778197
2023-12-31,15.0,0.1217471544117919
2023-12-31,20.0,0.1224154256060764
2024-01-31,0.25,0.1078810976860886
2024-01-31,0.5,0.1091367732445885
2024-01-31,1.0,0.1093562608773073
2024-01-31,2.0,0.1097541557917328
2024-01-31,5.0,0.1112072834011675
2024-01-31,7.0,0.11311283940517
2024-01-31,10.0,0.1133420554376354
2024-01-31,15.0,0.1144461231943762
2024-01-31,20.0,0.1154860038731389
2024-02-29,0.25,0.1078424416344906
2024-02-29,0.5,0.1058403714025665
2024-02-29,1.0,0.1082139321861826
2024-02-29,2.0,0.1071891285281932
2024-02-29,5.0,0.1114328470766957
2024-02-29,7.0,0.1137349841398373
2024-02-29,10.0,0.1141584150569463
2024-02-29,15.0,0.1152164080928102
2024-02-29,20.0,0.1153857733476531
2024-03-31,0.25,0.1023521826455674
2024-03-31,0.5,0.1028802053340938
2024-03-31,1.0,0.1037342776614295
2024-03-31,2.0,0.1062266000961811
2024-03-31,5.0,0.1110113605442835
2024-03-31,7.0,0.1121024957635741
2024-03-31,10.0,0.1138906290310755
2024-03-31,15.0,0.1150964009326766
2024-03-31,20.0,0.1173478133003687
2024-04-30,0.25,0.1152777546802459
2024-04-30,0.5,0.115924438616016
2024-04-30,1.0,0.1180531716883401
2024-04-30,2.0,0.1198799073551885
2024-04-30,5.0,0.1253220134785918
2024-04-30,7.0,0.1273985260463883
2024-04-30,10.0,0.1291321413639278
2024-04-30,15.0,0.1305769119191881
2024-04-30,20.0,0.1336657182796682
2024-05-31,0.25,0.1243065104801157
2024-05-31,0.5,0.1250339323163011
2024-05-31,1.0,0.1274574964269696
2024-05-31,2.0,0.1298432225177145
2024-05-31,5.0,0.1337220334047145
2024-05-31,7.0,0.1378929403200436
2024-05-31,10.0,0.1389708881691866
2024-05-31,15.0,0.1399546715174102
2024-05-31,20.0,0.1426875502800735
2024-06-30,0.25,0.1221945248762296
2024-06-30,0.5,0.1213172650875369
2024-06-30,1.0,0.1248139543704418
2024-06-30,2.0,0.1256527009284678
2024-06-30,5.0,0.1288391991917516
2024-06-30,7.0,0.1317462665370744
2024-06-30,10.0,0.132228251206822
2024-06-30,15.0,0.1336042218781296
2024-06-30,20.0,0.1339138268896062
2024-07-31,0.25,0.1259603157163737
2024-07-31,0.5,0.1260781198349031
2024-07-31,1.0,0.12598316400067
2024-07-31,2.0,0.1257625754190554
2024-07-31,5.0,0.1277860405769891
2024-07-31,7.0,0.1283955466516282
2024-07-31,10.0,0.1283139289500075
2024-07-31,15.0,0.129283663278751
2024-07-31,20.0,0.1316009850422663
2024-08-31,0.25,0.1076937722545416
2024-08-31,0.5,0.1104800703872342
2024-08-31,1.0,0.1108244960608632
2024-08-31,2.0,0.1137011238771167
2024-08-31,5.0,0.1154503462139382
2024-08-31,7.0,0.1178123610943011
2024-08-31,10.0,0.1184418017658563
2024-08-31,15.0,0.1202790114467155
2024-08-31,20.0,0.1215650138808197
2024-09-30,0.25,0.1072405676824073
2024-09-30,0.5,0.1088318968577878
2024-09-30,1.0,0.107918811411722
2024-09-30,2.0,0.110044640556186
2024-09-30,5.0,0.1130830798222016
2024-09-30,7.0,0.1140820672306986
2024-09-30,10.0,0.1163742083840439
2024-09-30,15.0,0.1155391855453721
2024-09-30,20.0,0.1157998273252767
2024-10-31,0.25,0.1047409023267337
2024-10-31,0.5,0.1067161375385528
2024-10-31,1.0,0.1076794905955735
2024-10-31,2.0,0.1091463500328648
2024-10-31,5.0,0.1119806409498364
2024-10-31,7.0,0.1151519141590337
2024-10-31,10.0,0.1152119567052277
2024-10-31,15.0,0.118661732978691
2024-10-31,20.0,0.1208407668097825
2024-11-30,0.25,0.1152191673849131
2024-11-30,0.5,0.1158922057640155
2024-11-30,1.0,0.1158484159441329
2024-11-30,2.0,0.116118769029401
2024-11-30,5.0,0.1200462519144682
2024-11-30,7.0,0.1210130601512615
2024-11-30,10.0,0.1221386916960147
2024-11-30,15.0,0.1260609351076537
2024-11-30,20.0,0.1256768562449501
2024-12-31,0.25,0.1098070031872004
2024-12-31,0.5,0.1097647183144737
2024-12-31,1.0,0.1107069669162713
2024-12-31,2.0,0.1129682909624551
2024-12-31,5.0,0.115182706255074
2024-12-31,7.0,0.117009847034683
2024-12-31,10.0,0.1178518581348608
2024-12-31,15.0,0.1191309215747045
2024-12-31,20.0,0.1190572762187485
2025-01-31,0.25,0.0970047797934449
2025-01-31,0.5,0.0992810260802158
2025-01-31,1.0,0.1010877507506716
2025-01-31,2.0,0.1025594263394212
2025-01-31,5.0,0.1087914925455546
2025-01-31,7.0,0.1110203806329768
2025-01-31,10.0,0.1113116434473633
2025-01-31,15.0,0.114106393335602
2025-01-31,20.0,0.1160588062368707
2025-02-28,0.25,0.0907188454367178
2025-02-28,0.5,0.0900968036119091
2025-02-28,1.0,0.0921654129683241
2025-02-28,2.0,0.0945162762276938
2025-02-28,5.0,0.0979046798887919
2025-02-28,7.0,0.0987852615627924
2025-02-28,10.0,0.100074573175445
2025-02-28,15.0,0.1014462778965281
2025-02-28,20.0,0.1031322035314365
2025-03-31,0.25,0.0888496279047814
2025-03-31,0.5,0.089907851948243
2025-03-31,1.0,0.0907113650736173
2025-03-31,2.0,0.0932239697471991
2025-03-31,5.0,0.0967929230254827
2025-03-31,7.0,0.0991220066247407
2025-03-31,10.0,0.1009398575457702
2025-03-31,15.0,0.10120352405995
2025-03-31,20.0,0.1012383763940692
2025-04-30,0.25,0.0833344299939832
2025-04-30,0.5,0.0830847627333308
2025-04-30,1.0,0.0828351252912794
2025-04-30,2.0,0.0858076441713666
2025-04-30,5.0,0.0915325500898129
2025-04-30,7.0,0.0926050122597131
2025-04-30,10.0,0.0942792294542447
2025-04-30,15.0,0.0974845482350182
2025-04-30,20.0,0.0963841063298326
2025-05-31,0.25,0.0766587591767387
2025-05-31,0.5,0.0784268492942223
2025-05-31,1.0,0.0802265253148815
2025-05-31,2.0,0.0830300260559123
2025-05-31,5.0,0.0889140905702587
2025-05-31,7.0,0.0906154863444545
2025-05-31,10.0,0.0929992863547345
2025-05-31,15.0,0.0942612749158817
2025-05-31,20.0,0.0954301552106347
2025-06-30,0.25,0.072650530187753
2025-06-30,0.5,0.0737560114521698
2025-06-30,1.0,0.0759658274432108
2025-06-30,2.0,0.0786891945486988
2025-06-30,5.0,0.0841641846149487
2025-06-30,7.0,0.0858698359854578
2025-06-30,10.0,0.0888174300863015
2025-06-30,15.0,0.0906624245466706
2025-06-30,20.0,0.0917681241319686
2025-07-31,0.25,0.0788057222244329
2025-07-31,0.5,0.0774446672361947
2025-07-31,1.0,0.0796078356562203
2025-07-31,2.0,0.0824280700263348
2025-07-31,5.0,0.0864319874304817
2025-07-31,7.0,0.0902234923688844
2025-07-31,10.0,0.0899807981496902
2025-07-31,15.0,0.0922621070778264
2025-07-31,20.0,0.0922346745398595
2025-08-31,0.25,0.0683506920815587
2025-08-31,0.5,0.0696279326201817
2025-08-31,1.0,0.0714642135309128
2025-08-31,2.0,0.0732661091165252
2025-08-31,5.0,0.0786504766589889
2025-08-31,7.0,0.0795147323493281
2025-08-31,10.0,0.0812125992838586
2025-08-31,15.0,0.0853340552242743
2025-08-31,20.0,0.0843493841247532
2025-09-30,0.25,0.0639802370672605
2025-09-30,0.5,0.0646570125753804
2025-09-30,1.0,0.0655611008667174
2025-09-30,2.0,0.0688635960738565
2025-09-30,5.0,0.0716664726906288
2025-09-30,7.0,0.0737295542548663
2025-09-30,10.0,0.0752385154705423
2025-09-30,15.0,0.077422707837065
2025-09-30,20.0,0.0769818909623937
2025-10-31,0.25,0.0814860294841328
2025-10-31,0.5,0.0830557228578489
2025-10-31,1.0,0.0842288489431889
2025-10-31,2.0,0.0854294023409522
2025-10-31,5.0,0.0876464614368066
2025-10-31,7.0,0.0902545488387629
2025-10-31,10.0,0.0905748564483055
2025-10-31,15.0,0.0921704237216324
2025-10-31,20.0,0.0926168804095438
2025-11-30,0.25,0.0827109140495203
2025-11-30,0.5,0.0823804681050472
2025-11-30,1.0,0.0826354806845365
2025-11-30,2.0,0.0835776705069746
2025-11-30,5.0,0.0861273444639932
2025-11-30,7.0,0.0832825822794171
2025-11-30,10.0,0.0849913899354177
2025-11-30,15.0,0.0861713478098948
2025-11-30,20.0,0.0866718947530708
2025-12-31,0.25,0.074701992983626
2025-12-31,0.5,0.0756296428118
2025-12-31,1.0,0.0753588745498998
2025-12-31,2.0,0.0773360085868297
2025-12-31,5.0,0.0789777167243589
2025-12-31,7.0,0.0802950779787558
2025-12-31,10.0,0.0814121771831779
2025-12-31,15.0,0.0826751049994866
2025-12-31,20.0,0.08261217710403
2026-01-31,0.25,0.0851016097729662
2026-01-31,0.5,0.0842420614967408
2026-01-31,1.0,0.0836549979598118
2026-01-31,2.0,0.0861216605160634
2026-01-31,5.0,0.0893366718768525
2026-01-31,7.0,0.0923992034682582
2026-01-31,10.0,0.0939386279350091
2026-01-31,15.0,0.0952025466535823
2026-01-31,20.0,0.0980058016548953
2026-02-28,0.25,0.1074239980717157
2026-02-28,0.5,0.1079291533921623
2026-02-28,1.0,0.1071721654436447
2026-02-28,2.0,0.1080295520621982
2026-02-28,5.0,0.1110536999563124
2026-02-28,7.0,0.1122517472617583
2026-02-28,10.0,0.1118177199452683
2026-02-28,15.0,0.1144050730203172
2026-02-28,20.0,0.115295926733478
2026-03-31,0.25,0.0984598804395826
2026-03-31,0.5,0.0984197824879642
2026-03-31,1.0,0.099344317961507
2026-03-31,2.0,0.1007734048079882
2026-03-31,5.0,0.1036048072780026
2026-03-31,7.0,0.1052536986932109
2026-03-31,10.0,0.1069448508366931
2026-03-31,15.0,0.1071684458706193
2026-03-31,20.0,0.1077964701946617
2026-04-30,0.25,0.1016380008343665
2026-04-30,0.5,0.1019496031478069
2026-04-30,1.0,0.1013354028579417
2026-04-30,2.0,0.1026505950643965
2026-04-30,5.0,0.1039266952509164
2026-04-30,7.0,0.1048883230593024
2026-04-30,10.0,0.106160314511348
2026-04-30,15.0,0.1050951386022661
2026-04-30,20.0,0.1064786039877588
2026-05-31,0.25,0.1049447942281949
2026-05-31,0.5,0.1049712085035398
2026-05-31,1.0,0.104644316777693
2026-05-31,2.0,0.1041317461795373
2026-05-31,5.0,0.1061864681626207
2026-05-31,7.0,0.1060924205298995
2026-05-31,10.0,0.1075632871256286
2026-05-31,15.0,0.107848999545395
2026-05-31,20.0,0.1082662815781436
2026-06-30,0.25,0.1148004140049661
2026-06-30,0.5,0.1149144623301853
2026-06-30,1.0,0.1154930133289925
2026-06-30,2.0,0.1171370982900512
2026-06-30,5.0,0.1167782745055913
2026-06-30,7.0,0.1176717039568901
2026-06-30,10.0,0.1173166758592885
2026-06-30,15.0,0.1182077349082916
2026-06-30,20.0,0.1211850080767251
2026-07-31,0.25,0.1083644792261327
2026-07-31,0.5,0.108396424596496
2026-07-31,1.0,0.1093406351756587
2026-07-31,2.0,0.1094998791555275
2026-07-31,5.0,0.1097232454170462
2026-07-31,7.0,0.1108246164395771
2026-07-31,10.0,0.1128627151772043
2026-07-31,15.0,0.1122390016265807
2026-07-31,20.0,0.1124348840969711
