data,prazo_anos,taxa_pre
2010-01-31,0.25,0.1155098483847058
2010-01-31,0.5,0.1158522945663867
2010-01-31,1.0,0.1162537437335137
2010-01-31,2.0,0.1165583680404668
2010-01-31,5.0,0.1168238453147421
2010-01-31,7.0,0.1171349471429036
2010-01-31,10.0,0.1178103263502308
2010-01-31,15.0,0.119098121069759
2010-01-31,20.0,0.1202899916586079
2010-02-28,0.25,0.1146073624190251
2010-02-28,0.5,0.1150910239337703
2010-02-28,1.0,0.1157497547234741
2010-02-28,2.0,0.1164818003945758
2010-02-28,5.0,0.1175412974802746
2010-02-28,7.0,0.1181320971121329
2010-02-28,10.0,0.119034966804235
2010-02-28,15.0,0.1204680734013216
2010-02-28,20.0,0.1217015765401318
2010-03-31,0.25,0.1097146565483835
2010-03-31,0.5,0.1100855377233882
2010-03-31,1.0,0.1105387928882176
2010-03-31,2.0,0.110929482379257
2010-03-31,5.0,0.1113548427734938
2010-03-31,7.0,0.1117222643015646
2010-03-31,10.0,0.1124434507896977
2010-03-31,15.0,0.1137605053790897
2010-03-31,20.0,0.1149607590610101
2010-04-30,0.25,0.1145384119779348
2010-04-30,0.5,0.1148914212820585
2010-04-30,1.0,0.1153121155072297
2010-04-30,2.0,0.115648711584572
2010-04-30,5.0,0.1159735827526127
2010-04-30,7.0,0.1163056064033788
2010-04-30,10.0,0.1169980022461739
2010-04-30,15.0,0.1182966665159254
2010-04-30,20.0,0.119491651283053
2010-05-31,0.25,0.117049136144032
2010-05-31,0.5,0.1175715726570175
2010-05-31,1.0,0.1183009480024234
2010-05-31,2.0,0.1191503553104173
2010-05-31,5.0,0.1204278748737222
2010-05-31,7.0,0.1210954741109123
2010-05-31,10.0,0.1220608082886719
2010-05-31,15.0,0.1235338147158573
2010-05-31,20.0,0.1247787493473847
2010-06-30,0.25,0.1031157566831193
2010-06-30,0.5,0.1037270356439152
2010-06-30,1.0,0.1046182739303373
2010-06-30,2.0,0.1057365837676349
2010-06-30,5.0,0.1075136430206189
2010-06-30,7.0,0.1083572078345522
2010-06-30,10.0,0.1094656625296269
2010-06-30,15.0,0.1110300886533714
2010-06-30,20.0,0.1123012154664905
2010-07-31,0.25,0.0896293069197391
2010-07-31,0.5,0.0905986503645199
2010-07-31,1.0,0.0921422499025692
2010-07-31,2.0,0.0943443259774067
2010-07-31,5.0,0.0981346955974863
2010-07-31,7.0,0.0996874599549766
2010-07-31,10.0,0.1013727377277925
2010-07-31,15.0,0.1033056155014097
2010-07-31,20.0,0.1046823054796284
2010-08-31,0.25,0.0904869938367795
2010-08-31,0.5,0.0915019006723362
2010-08-31,1.0,0.0931285126060973
2010-08-31,2.0,0.0954684969818117
2010-08-31,5.0,0.0995150585759964
2010-08-31,7.0,0.1011580679518742
2010-08-31,10.0,0.1029167459541884
2010-08-31,15.0,0.1048965088763081
2010-08-31,20.0,0.1062866316744744
2010-09-30,0.25,0.088558192708007
2010-09-30,0.5,0.0896182516980829
2010-09-30,1.0,0.0913271267921219
2010-09-30,2.0,0.0938037747656205
2010-09-30,5.0,0.0981042160514704
2010-09-30,7.0,0.0998366559316509
2010-09-30,10.0,0.1016680716834524
2010-09-30,15.0,0.1036942965881816
2010-09-30,20.0,0.105097730967237
2010-10-31,0.25,0.0905059167376587
2010-10-31,0.5,0.0914908511722655
2010-10-31,1.0,0.0930628560900493
2010-10-31,2.0,0.0953121219564998
2010-10-31,5.0,0.0991901559578681
2010-10-31,7.0,0.100773800571186
2010-10-31,10.0,0.1024841946097549
2010-10-31,15.0,0.1044331156554123
2010-10-31,20.0,0.1058144021080279
2010-11-30,0.25,0.0842344296931725
2010-11-30,0.5,0.0853347935020468
2010-11-30,1.0,0.0871171003471082
2010-11-30,2.0,0.089715740318634
2010-11-30,5.0,0.0942428058946891
2010-11-30,7.0,0.0960550754155446
2010-11-30,10.0,0.0979514201135749
2010-11-30,15.0,0.1000191190478387
2010-11-30,20.0,0.1014344359353009
2010-12-31,0.25,0.0928512803998017
2010-12-31,0.5,0.0938159781565272
2010-12-31,1.0,0.0953511136692125
2010-12-31,2.0,0.0975391284783016
2010-12-31,5.0,0.1013033765131856
2010-12-31,7.0,0.1028469394000033
2010-12-31,10.0,0.1045247332133591
2010-12-31,15.0,0.1064528305312055
2010-12-31,20.0,0.1078281508859148
2011-01-31,0.25,0.1020459591466201
2011-01-31,0.5,0.1027721338244189
2011-01-31,1.0,0.1038727017626301
2011-01-31,2.0,0.1053387704659841
2011-01-31,5.0,0.1077618606673671
2011-01-31,7.0,0.1088329934018834
2011-01-31,10.0,0.1101265390625945
2011-01-31,15.0,0.1118091939367079
2011-01-31,20.0,0.1131141938539345
2011-02-28,0.25,0.1027375305447613
2011-02-28,0.5,0.1034561344264143
2011-02-28,1.0,0.1045429090556817
2011-02-28,2.0,0.1059860629668096
2011-02-28,5.0,0.1083665844046064
2011-02-28,7.0,0.1094227220602722
2011-02-28,10.0,0.1107040715660195
2011-02-28,15.0,0.1123789360212125
2011-02-28,20.0,0.1136817039460489
2011-03-31,0.25,0.1104700211548273
2011-03-31,0.5,0.1111374931254199
2011-03-31,1.0,0.1121311100163764
2011-03-31,2.0,0.1134195011924476
2011-03-31,5.0,0.1155125202075475
2011-03-31,7.0,0.1164673835687576
2011-03-31,10.0,0.1176663622512932
2011-03-31,15.0,0.1192886114993546
2011-03-31,20.0,0.1205763049149599
2011-04-30,0.25,0.1124444063814662
2011-04-30,0.5,0.1131363971309464
2011-04-30,1.0,0.1141746850294974
2011-04-30,2.0,0.1155372880471014
2011-04-30,5.0,0.1177681702514609
2011-04-30,7.0,0.1187715966720453
2011-04-30,10.0,0.1200100738196143
2011-04-30,15.0,0.1216575531168373
2011-04-30,20.0,0.1229524750625525
2011-05-31,0.25,0.1061289358957314
2011-05-31,0.5,0.1068538499870621
2011-05-31,1.0,0.107952121250225
2011-05-31,2.0,0.1094143744926364
2011-05-31,5.0,0.1118303767198744
2011-05-31,7.0,0.1128990126768891
2011-05-31,10.0,0.1141905275990077
2011-05-31,15.0,0.1158718853180422
2011-05-31,20.0,0.1171765135941164
2011-06-30,0.25,0.105013319703965
2011-06-30,0.5,0.1059305110997978
2011-06-30,1.0,0.1073790943001529
2011-06-30,2.0,0.1094233199530795
2011-06-30,5.0,0.1129204511607824
2011-06-30,7.0,0.1143699206902075
2011-06-30,10.0,0.1159711842512539
2011-06-30,15.0,0.1178503970864631
2011-06-30,20.0,0.1192117118024047
2011-07-31,0.25,0.1001439424253463
2011-07-31,0.5,0.100988241726964
2011-07-31,1.0,0.1023040220944698
2011-07-31,2.0,0.1041276227085353
2011-07-31,5.0,0.1072148992237833
2011-07-31,7.0,0.1085199952052626
2011-07-31,10.0,0.110003833430905
2011-07-31,15.0,0.1118080396302218
2011-07-31,20.0,0.1131478645851839
2011-08-31,0.25,0.1050490512190726
2011-08-31,0.5,0.1059255955115368
2011-08-31,1.0,0.1073001233492
2011-08-31,2.0,0.1092213209994762
2011-08-31,5.0,0.112489903333262
2011-08-31,7.0,0.1138588652769162
2011-08-31,10.0,0.1153946484892683
2011-08-31,15.0,0.1172320350809695
2011-08-31,20.0,0.1185813663775115
2011-09-30,0.25,0.1122597165690399
2011-09-30,0.5,0.1126649799738015
2011-09-30,1.0,0.1131808764656578
2011-09-30,2.0,0.1136756318483131
2011-09-30,5.0,0.1142943152408074
2011-09-30,7.0,0.1147298358480683
2011-09-30,10.0,0.1155064103025457
2011-09-30,15.0,0.1168588445228333
2011-09-30,20.0,0.1180692346387165
2011-10-31,0.25,0.1155861307233887
2011-10-31,0.5,0.1157091485061268
2011-10-31,1.0,0.1157108188865285
2011-10-31,2.0,0.1153512916203205
2011-10-31,5.0,0.1143829758484096
2011-10-31,7.0,0.1142594673554305
2011-10-31,10.0,0.1145813589366926
2011-10-31,15.0,0.1156433598139506
2011-10-31,20.0,0.1167705393838877
2011-11-30,0.25,0.1108816886469945
2011-11-30,0.5,0.1110351513130811
2011-11-30,1.0,0.1110922895298507
2011-11-30,2.0,0.1108249108518292
2011-11-30,5.0,0.1100277793274827
2011-11-30,7.0,0.1099645714181697
2011-11-30,10.0,0.1103355081075059
2011-11-30,15.0,0.1114288370499635
2011-11-30,20.0,0.1125649922608567
2011-12-31,0.25,0.113692421365724
2011-12-31,0.5,0.1141333269451362
2011-12-31,1.0,0.1147141602701769
2011-12-31,2.0,0.1153167950635154
2011-12-31,5.0,0.1161358858209942
2011-12-31,7.0,0.1166420010142144
2011-12-31,10.0,0.1174759931400859
2011-12-31,15.0,0.1188651034861622
2011-12-31,20.0,0.1200860014880141
2012-01-31,0.25,0.1070352200672886
2012-01-31,0.5,0.1077999877357039
2012-01-31,1.0,0.1089708686281138
2012-01-31,2.0,0.1105537480795498
2012-01-31,5.0,0.1131938373735006
2012-01-31,7.0,0.1143414092203945
2012-01-31,10.0,0.1156971261620406
2012-01-31,15.0,0.1174194935787327
2012-01-31,20.0,0.1187358713299036
2012-02-29,0.25,0.1082979400832529
2012-02-29,0.5,0.1088135526363074
2012-02-29,1.0,0.1095304953411115
2012-02-29,2.0,0.110359248332047
2012-02-29,5.0,0.1115983984119537
2012-02-29,7.0,0.1122524817896135
2012-02-29,10.0,0.1132068229263264
2012-02-29,15.0,0.1146728074359307
2012-02-29,20.0,0.115915730254388
2012-03-31,0.25,0.1061403623560083
2012-03-31,0.5,0.1066555554857061
2012-03-31,1.0,0.107371734038917
2012-03-31,2.0,0.1081992175465792
2012-03-31,5.0,0.1094360093099537
2012-03-31,7.0,0.1100892619577691
2012-03-31,10.0,0.111042927425483
2012-03-31,15.0,0.1125084803445927
2012-03-31,20.0,0.113751279510303
2012-04-30,0.25,0.1102784543996008
2012-04-30,0.5,0.1107437980519183
2012-04-30,1.0,0.1113691553455201
2012-04-30,2.0,0.1120457577047855
2012-04-30,5.0,0.1130022578612205
2012-04-30,7.0,0.1135567762637088
2012-04-30,10.0,0.1144301368415149
2012-04-30,15.0,0.1158443941895542
2012-04-30,20.0,0.1170724969280951
2012-05-31,0.25,0.1046669546309517
2012-05-31,0.5,0.1055964184452878
2012-05-31,1.0,0.1070673608872134
2012-05-31,2.0,0.1091487318964142
2012-05-31,5.0,0.1127148679580107
2012-05-31,7.0,0.1141886448230977
2012-05-31,10.0,0.1158096786057912
2012-05-31,15.0,0.1177015198726034
2012-05-31,20.0,0.1190664526947761
2012-06-30,0.25,0.1103648728733641
2012-06-30,0.5,0.11108051333427
2012-06-30,1.0,0.1121618888777465
2012-06-30,2.0,0.1135960733001455
2012-06-30,5.0,0.1159599321367097
2012-06-30,7.0,0.1170102003003281
2012-06-30,10.0,0.118286775890894
2012-06-30,15.0,0.1199585909588611
2012-06-30,20.0,0.1212604852196297
2012-07-31,0.25,0.1136910063890671
2012-07-31,0.5,0.1143325865053083
2012-07-31,1.0,0.1152790307687994
2012-07-31,2.0,0.116489054168036
2012-07-31,5.0,0.1184364895211965
2012-07-31,7.0,0.1193400702444763
2012-07-31,10.0,0.1204973385095219
2012-07-31,15.0,0.1220929448011307
2012-07-31,20.0,0.1233730048819098
2012-08-31,0.25,0.1210502761451338
2012-08-31,0.5,0.1219851662145631
2012-08-31,1.0,0.123465994804718
2012-08-31,2.0,0.125563789649092
2012-08-31,5.0,0.1291604362363687
2012-08-31,7.0,0.130644960600321
2012-08-31,10.0,0.1322747357949766
2012-08-31,15.0,0.1341721607282264
2012-08-31,20.0,0.1355386932976175
2012-09-30,0.25,0.1152720946489912
2012-09-30,0.5,0.1163108419015724
2012-09-30,1.0,0.1179808889286899
2012-09-30,2.0,0.1203930319244734
2012-09-30,5.0,0.1245736424425206
2012-09-30,7.0,0.1262638712820097
2012-09-30,10.0,0.1280609549440244
2012-09-30,15.0,0.1300652498747048
2012-09-30,20.0,0.1314624012110002
2012-10-31,0.25,0.112203978105973
2012-10-31,0.5,0.1131636153556294
2012-10-31,1.0,0.1146895310800556
2012-10-31,2.0,0.1168622290762474
2012-10-31,5.0,0.1205980230985145
2012-10-31,7.0,0.1221315629043953
2012-10-31,10.0,0.1238012045066465
2012-10-31,15.0,0.1257240945161387
2012-10-31,20.0,0.1270979229520257
2012-11-30,0.25,0.1066869244339639
2012-11-30,0.5,0.1076274124289595
2012-11-30,1.0,0.1091184399354893
2012-11-30,2.0,0.1112331782160332
2012-11-30,5.0,0.11486130059072
2012-11-30,7.0,0.11635691247224
2012-11-30,10.0,0.1179957056309735
2012-11-30,15.0,0.119898890881158
2012-11-30,20.0,0.1212670738089823
2012-12-31,0.25,0.1088725938934322
2012-12-31,0.5,0.1098752669048759
2012-12-31,1.0,0.1114795899125706
2012-12-31,2.0,0.113782545746995
2012-12-31,5.0,0.1177603194942484
2012-12-31,7.0,0.1193790979763487
2012-12-31,10.0,0.1211180679305513
2012-12-31,15.0,0.1230852421350509
2012-12-31,20.0,0.1244717582052327
2013-01-31,0.25,0.1147422181717674
2013-01-31,0.5,0.1157547920184782
2013-01-31,1.0,0.1173771534566119
2013-01-31,2.0,0.1197100764937774
2013-01-31,5.0,0.1237435202534943
2013-01-31,7.0,0.1253819088007264
2013-01-31,10.0,0.1271368284805411
2013-01-31,15.0,0.1291141907356641
2013-01-31,20.0,0.1305036257312201
2013-02-28,0.25,0.1121382226407515
2013-02-28,0.5,0.1131930179173795
2013-02-28,1.0,0.1148923029994326
2013-02-28,2.0,0.1173530191082137
2013-02-28,5.0,0.1216238638009128
2013-02-28,7.0,0.1233458781199398
2013-02-28,10.0,0.125168814305833
2013-02-28,15.0,0.1271896228009736
2013-02-28,20.0,0.1285915053527001
2013-03-31,0.25,0.1069541940096959
2013-03-31,0.5,0.1079527780728901
2013-03-31,1.0,0.1095496513850212
2013-03-31,2.0,0.111840231057447
2013-03-31,5.0,0.1157950136333632
2013-03-31,7.0,0.1174056933501243
2013-03-31,10.0,0.1191380762234533
2013-03-31,15.0,0.1211010428625671
2013-03-31,20.0,0.1224863534450826
2013-04-30,0.25,0.10717007305086
2013-04-30,0.5,0.107820603980529
2013-04-30,1.0,0.1087833558202025
2013-04-30,2.0,0.1100204709580097
2013-04-30,5.0,0.112018234579608
2013-04-30,7.0,0.1129395437095894
2013-04-30,10.0,0.1141112312649601
2013-04-30,15.0,0.1157160480259749
2013-04-30,20.0,0.1169987469504203
2013-05-31,0.25,0.1006430325407089
2013-05-31,0.5,0.1019170623708304
2013-05-31,1.0,0.1040157730706531
2013-05-31,2.0,0.1071400540338266
2013-05-31,5.0,0.1126436018264313
2013-05-31,7.0,0.1147998425270844
2013-05-31,10.0,0.1169759540642049
2013-05-31,15.0,0.1192223569328641
2013-05-31,20.0,0.1206888733547483
2013-06-30,0.25,0.1046691010432949
2013-06-30,0.5,0.105942689996914
2013-06-30,1.0,0.1080405974594435
2013-06-30,2.0,0.1111635440063606
2013-06-30,5.0,0.1166646128565608
2013-06-30,7.0,0.1188199803362487
2013-06-30,10.0,0.1209953816444792
2013-06-30,15.0,0.1232413308471593
2013-06-30,20.0,0.1247077172915643
2013-07-31,0.25,0.1087252485023879
2013-07-31,0.5,0.1099043546435307
2013-07-31,1.0,0.1118301229284508
2013-07-31,2.0,0.1146670950579947
2013-07-31,5.0,0.1196369098062693
2013-07-31,7.0,0.1216051401347479
2013-07-31,10.0,0.123628334594425
2013-07-31,15.0,0.1257770601133874
2013-07-31,20.0,0.1272155915060389
2013-08-31,0.25,0.1055447284023246
2013-08-31,0.5,0.1066163224245162
2013-08-31,1.0,0.108346213308518
2013-08-31,2.0,0.1108577747652441
2013-08-31,5.0,0.1152230747589024
2013-08-31,7.0,0.1169783614722017
2013-08-31,10.0,0.1188283595549085
2013-08-31,15.0,0.1208664541138604
2013-08-31,20.0,0.1222732892057878
2013-09-30,0.25,0.1053706922549537
2013-09-30,0.5,0.1065029601410198
2013-09-30,1.0,0.1083433933422537
2013-09-30,2.0,0.1110385984947645
2013-09-30,5.0,0.1157450530139731
2013-09-30,7.0,0.1176205132672078
2013-09-30,10.0,0.1195682537579554
2013-09-30,15.0,0.1216687822813148
2013-09-30,20.0,0.1230935050035319
2013-10-31,0.25,0.0993842024508497
2013-10-31,0.5,0.1008833147553978
2013-10-31,1.0,0.1033921054584148
2013-10-31,2.0,0.1071976513818286
2013-10-31,5.0,0.1139667837254934
2013-10-31,7.0,0.116568833478051
2013-10-31,10.0,0.1191075410598824
2013-10-31,15.0,0.1215855558665281
2013-10-31,20.0,0.1231184302196556
2013-11-30,0.25,0.1027461301251417
2013-11-30,0.5,0.1040824437775814
2013-11-30,1.0,0.1062946299939686
2013-11-30,2.0,0.1096074275701893
2013-11-30,5.0,0.1154611822969751
2013-11-30,7.0,0.1177407852978133
2013-11-30,10.0,0.1200172328014704
2013-11-30,15.0,0.1223277262965947
2013-11-30,20.0,0.123812604990395
2013-12-31,0.25,0.1148257413329873
2013-12-31,0.5,0.1157050925389134
2013-12-31,1.0,0.117084734320185
2013-12-31,2.0,0.1190144277531422
2013-12-31,5.0,0.1222987926853851
2013-12-31,7.0,0.1236733141353155
2013-12-31,10.0,0.1252136191378325
2013-12-31,15.0,0.1270538940693227
2013-12-31,20.0,0.1284040528890691
2014-01-31,0.25,0.1092695268711419
2014-01-31,0.5,0.110502922569739
2014-01-31,1.0,0.1125276015404021
2014-01-31,2.0,0.1155288937632575
2014-01-31,5.0,0.1208039656195013
2014-01-31,7.0,0.1228797244270349
2014-01-31,10.0,0.1249903765124209
2014-01-31,15.0,0.1271949664857191
2014-01-31,20.0,0.1286495033125119
2014-02-28,0.25,0.1163084511530447
2014-02-28,0.5,0.1172969155698963
2014-02-28,1.0,0.1188753517975096
2014-02-28,2.0,0.1211353019840957
2014-02-28,5.0,0.1250331842255634
2014-02-28,7.0,0.126623820489572
2014-02-28,10.0,0.1283399011441386
2014-02-28,15.0,0.1302924545740181
2014-02-28,20.0,0.1316747817221374
2014-03-31,0.25,0.1143528207838006
2014-03-31,0.5,0.1154045502826739
2014-03-31,1.0,0.1170982497936842
2014-03-31,2.0,0.1195496866062189
2014-03-31,5.0,0.1238032931688812
2014-03-31,7.0,0.1255192352627044
2014-03-31,10.0,0.1273372326416531
2014-03-31,15.0,0.1293548864232649
2014-03-31,20.0,0.1307558651344326
2014-04-30,0.25,0.1149600250310316
2014-04-30,0.5,0.1160046976578418
2014-04-30,1.0,0.117685540183316
2014-04-30,2.0,0.1201156177155349
2014-04-30,5.0,0.1243295451859688
2014-04-30,7.0,0.1260315101034177
2014-04-30,10.0,0.1278381392321079
2014-04-30,15.0,0.1298485314274109
2014-04-30,20.0,0.1312474296592684
2014-05-31,0.25,0.113837521748564
2014-05-31,0.5,0.1151019424103081
2014-05-31,1.0,0.1171831460705049
2014-05-31,2.0,0.120278342629265
2014-05-31,5.0,0.1257278603820901
2014-05-31,7.0,0.1278650687069225
2014-05-31,10.0,0.1300257003784716
2014-05-31,15.0,0.1322622153244216
2014-05-31,20.0,0.1337258988090186
2014-06-30,0.25,0.1032277000162226
2014-06-30,0.5,0.1045153425906819
2014-06-30,1.0,0.1066388544850701
2014-06-30,2.0,0.1098043376153768
2014-06-30,5.0,0.1153844265912761
2014-06-30,7.0,0.1175676293406738
2014-06-30,10.0,0.1197656702939656
2014-06-30,15.0,0.1220260808018487
2014-06-30,20.0,0.1234966104795634
2014-07-31,0.25,0.1064602869054158
2014-07-31,0.5,0.1073955500754754
2014-07-31,1.0,0.1088770584213867
2014-07-31,2.0,0.1109759825424257
2014-07-31,5.0,0.1145747269846993
2014-07-31,7.0,0.1160599903295017
2014-07-31,10.0,0.117690366569677
2014-07-31,15.0,0.1195881754269096
2014-07-31,20.0,0.1209548179923634
2014-08-31,0.25,0.1054272318242433
2014-08-31,0.5,0.1062262966899447
2014-08-31,1.0,0.1074596639878756
2014-08-31,2.0,0.1091463519601884
2014-08-31,5.0,0.1119792861352905
2014-08-31,7.0,0.1131947886420196
2014-08-31,10.0,0.1146057565671655
2014-08-31,15.0,0.1163634161155582
2014-08-31,20.0,0.1176899052317527
2014-09-30,0.25,0.1076284401141102
2014-09-30,0.5,0.1080500003179525
2014-09-30,1.0,0.1085955881104579
2014-09-30,2.0,0.1091396695821657
2014-09-30,5.0,0.1098499859514199
2014-09-30,7.0,0.1103177847738806
2014-09-30,10.0,0.1111206125157502
2014-09-30,15.0,0.1124898162922979
2014-09-30,20.0,0.1137050109664908
2014-10-31,0.25,0.1093146896468202
2014-10-31,0.5,0.1095417019327679
2014-10-31,1.0,0.1097328409349135
2014-10-31,2.0,0.1096880774515132
2014-10-31,5.0,0.109304497727988
2014-10-31,7.0,0.1093869656931815
2014-10-31,10.0,0.1098763869572032
2014-10-31,15.0,0.1110453991354951
2014-10-31,20.0,0.1122032379564966
2014-11-30,0.25,0.1184873974345057
2014-11-30,0.5,0.1187171345340674
2014-11-30,1.0,0.1189132379012903
2014-11-30,2.0,0.1188767217061036
2014-11-30,5.0,0.1185084629533614
2014-11-30,7.0,0.1185963278139683
2014-11-30,10.0,0.1190901386096119
2014-11-30,15.0,0.1202619546461935
2014-11-30,20.0,0.1214205967860448
2014-12-31,0.25,0.1176679666414102
2014-12-31,0.5,0.1176029521159529
2014-12-31,1.0,0.1172620445602365
2014-12-31,2.0,0.1163333933615988
2014-12-31,5.0,0.1143078172012077
2014-12-31,7.0,0.1138118829773601
2014-12-31,10.0,0.1138308643857924
2014-12-31,15.0,0.1146993782871489
2014-12-31,20.0,0.1157711229103603
2015-01-31,0.25,0.1094459879688055
2015-01-31,0.5,0.1094275235699138
2015-01-31,1.0,0.1091714261536777
2015-01-31,2.0,0.1083836698434787
2015-01-31,5.0,0.1066198338349201
2015-01-31,7.0,0.106216099005286
2015-01-31,10.0,0.1063100702227492
2015-01-31,15.0,0.1072264846328185
2015-01-31,20.0,0.1083119529815481
2015-02-28,0.25,0.1140345060215675
2015-02-28,0.5,0.1139670488191522
2015-02-28,1.0,0.1136216909259437
2015-02-28,2.0,0.11268564639193
2015-02-28,5.0,0.1106463356472308
2015-02-28,7.0,0.1101455633412465
2015-02-28,10.0,0.1101606097253917
2015-02-28,15.0,0.1110266100896745
2015-02-28,20.0,0.1120976345724571
2015-03-31,0.25,0.1249850152484316
2015-03-31,0.5,0.1251319365136164
2015-03-31,1.0,0.1251771568868956
2015-03-31,2.0,0.1248899791230652
2015-03-31,5.0,0.1240560668766985
2015-03-31,7.0,0.1239799027577048
2015-03-31,10.0,0.1243403015937502
2015-03-31,15.0,0.1254268993744688
2015-03-31,20.0,0.1265611260752353
2015-04-30,0.25,0.1273148684695651
2015-04-30,0.5,0.1275613425832957
2015-04-30,1.0,0.127787939283424
2015-04-30,2.0,0.1278020815916211
2015-04-30,5.0,0.1275279310390711
2015-04-30,7.0,0.1276489460258146
2015-04-30,10.0,0.1281697192722371
2015-04-30,15.0,0.1293587578504567
2015-04-30,20.0,0.1305223343311013
2015-05-31,0.25,0.1312354363994165
2015-05-31,0.5,0.1317404593079806
2015-05-31,1.0,0.1324381086339577
2015-05-31,2.0,0.1332348095792994
2015-05-31,5.0,0.134414416638354
2015-05-31,7.0,0.1350475256625805
2015-05-31,10.0,0.1359848074381998
2015-05-31,15.0,0.1374398951061498
2015-05-31,20.0,0.1386796959272024
2015-06-30,0.25,0.121769928269442
2015-06-30,0.5,0.1221106456381916
2015-06-30,1.0,0.1225089450638107
2015-06-30,2.0,0.1228083367124862
2015-06-30,5.0,0.123064093287968
2015-06-30,7.0,0.1233717709470296
2015-06-30,10.0,0.1240443651275237
2015-06-30,15.0,0.1253303808826324
2015-06-30,20.0,0.1265217417896417
2015-07-31,0.25,0.1026361034691566
2015-07-31,0.5,0.1033307124714352
2015-07-31,1.0,0.1043737705908516
2015-07-31,2.0,0.1057442983653393
2015-07-31,5.0,0.1079899023746767
2015-07-31,7.0,0.1089985146312561
2015-07-31,10.0,0.1102412096465697
2015-07-31,15.0,0.1118913831500223
2015-07-31,20.0,0.113187076998746
2015-08-31,0.25,0.1132107822607907
2015-08-31,0.5,0.1137598275705462
2015-08-31,1.0,0.1145376817479549
2015-08-31,2.0,0.1154676268273583
2015-08-31,5.0,0.1168947612471746
2015-08-31,7.0,0.1176150631325413
2015-08-31,10.0,0.1186232626843729
2015-08-31,15.0,0.120123649808359
2015-08-31,20.0,0.1213764291408612
2015-09-30,0.25,0.1145782705527083
2015-09-30,0.5,0.1152251047381431
2015-09-30,1.0,0.1161811214426568
2015-09-30,2.0,0.1174070475160104
2015-09-30,5.0,0.1193840252350015
2015-09-30,7.0,0.1202980124175661
2015-09-30,10.0,0.1214637447121327
2015-09-30,15.0,0.1230647574893035
2015-09-30,20.0,0.1243463665541303
2015-10-31,0.25,0.1284036376606281
2015-10-31,0.5,0.1288235363368855
2015-10-31,1.0,0.1293660969757263
2015-10-31,2.0,0.1299051494440571
2015-10-31,5.0,0.1306061234438184
2015-10-31,7.0,0.1310706313657361
2015-10-31,10.0,0.1318707824739319
2015-10-31,15.0,0.1332382765233011
2015-10-31,20.0,0.134452981352456
2015-11-30,0.25,0.1347856784747758
2015-11-30,0.5,0.135108387198496
2015-11-30,1.0,0.1354738764942726
2015-11-30,2.0,0.1357187607501748
2015-11-30,5.0,0.1358732590513604
2015-11-30,7.0,0.1361452679317349
2015-11-30,10.0,0.1367888511309213
2015-11-30,15.0,0.1380563358245318
2015-11-30,20.0,0.139242387493531
2015-12-31,0.25,0.1342509495348931
2015-12-31,0.5,0.1342474963639359
2015-12-31,1.0,0.1340187480534665
2015-12-31,2.0,0.1332764267493826
2015-12-31,5.0,0.1315969952606107
2015-12-31,7.0,0.1312229923828332
2015-12-31,10.0,0.1313411459000919
2015-12-31,15.0,0.1322730070018787
2015-12-31,20.0,0.133362900901881
2016-01-31,0.25,0.1226400753388674
2016-01-31,0.5,0.122607509753501
2016-01-31,1.0,0.1223257212451028
2016-01-31,2.0,0.1214952843829529
2016-01-31,5.0,0.1196521607985872
2016-01-31,7.0,0.1192204964884859
2016-01-31,10.0,0.1192917514351489
2016-01-31,15.0,0.1201936555945396
2016-01-31,20.0,0.1212749666868461
2016-02-29,0.25,0.115747893160204
2016-02-29,0.5,0.116214851560546
2016-02-29,1.0,0.1168431507796654
2016-02-29,2.0,0.1175246405529845
2016-02-29,5.0,0.1184902200487104
2016-02-29,7.0,0.1190479366979202
2016-02-29,10.0,0.1199238985499855
2016-02-29,15.0,0.1213398174886052
2016-02-29,20.0,0.1225683962808179
2016-03-31,0.25,0.1222944315491777
2016-03-31,0.5,0.1228433302271299
2016-03-31,1.0,0.1236209172545948
2016-03-31,2.0,0.1245504185184149
2016-03-31,5.0,0.1259767284629118
2016-03-31,7.0,0.1266967399223561
2016-03-31,10.0,0.1277047032580538
2016-03-31,15.0,0.1292049394965646
2016-03-31,20.0,0.1304576755996543
2016-04-30,0.25,0.1287101158794003
2016-04-30,0.5,0.1295802455199076
2016-04-30,1.0,0.1309430864392462
2016-04-30,2.0,0.1328448686391571
2016-04-30,5.0,0.136077382929717
2016-04-30,7.0,0.1374336397086779
2016-04-30,10.0,0.1389590892536324
2016-04-30,15.0,0.1407898751094255
2016-04-30,20.0,0.142137315263467
2016-05-31,0.25,0.1232832302086743
2016-05-31,0.5,0.1242775755649071
2016-05-31,1.0,0.1258667263345848
2016-05-31,2.0,0.1281444765651054
2016-05-31,5.0,0.1320754259125105
2016-05-31,7.0,0.1336777102447061
2016-05-31,10.0,0.1354032647837421
2016-05-31,15.0,0.1373618697543768
2016-05-31,20.0,0.1387459306979508
2016-06-30,0.25,0.1135324385906885
2016-06-30,0.5,0.1141703200324786
2016-06-30,1.0,0.1151100256441283
2016-06-30,2.0,0.1163088541366565
2016-06-30,5.0,0.1182354927340647
2016-06-30,7.0,0.1191317476868484
2016-06-30,10.0,0.1202830575816118
2016-06-30,15.0,0.1218748579031654
2016-06-30,20.0,0.123153827555267
2016-07-31,0.25,0.0963088066108635
2016-07-31,0.5,0.096842603097851
2016-07-31,1.0,0.0975926752930979
2016-07-31,2.0,0.098476466229833
2016-07-31,5.0,0.0998178601913294
2016-07-31,7.0,0.1005079595332141
2016-07-31,10.0,0.1014915940324521
2016-07-31,15.0,0.10297628997745
2016-07-31,20.0,0.1042245737119037
2016-08-31,0.25,0.0952447735229771
2016-08-31,0.5,0.0959943634495592
2016-08-31,1.0,0.0971375918628712
2016-08-31,2.0,0.098674532314779
2016-08-31,5.0,0.1012292808213898
2016-08-31,7.0,0.1023467909110815
2016-08-31,10.0,0.1036780573077869
2016-08-31,15.0,0.1053848066884272
2016-08-31,20.0,0.1066967097973517
2016-09-30,0.25,0.0861035621545224
2016-09-30,0.5,0.0871082423599332
2016-09-30,1.0,0.0887162222943192
2016-09-30,2.0,0.0910252533725925
2016-09-30,5.0,0.095014313088166
2016-09-30,7.0,0.0966370671140832
2016-09-30,10.0,0.0983792705523468
2016-09-30,15.0,0.1003485101779141
2016-09-30,20.0,0.1017356180011392
2016-10-31,0.25,0.0953679809610948
2016-10-31,0.5,0.0963512369798863
2016-10-31,1.0,0.0979201839751701
2016-10-31,2.0,0.1001643697220485
2016-10-31,5.0,0.1040329663954706
2016-10-31,7.0,0.1056132866586131
2016-10-31,10.0,0.1073209768574559
2016-10-31,15.0,0.1092681707977902
2016-10-31,20.0,0.110648962426446
2016-11-30,0.25,0.0900280863625998
2016-11-30,0.5,0.091277562875729
2016-11-30,1.0,0.0933315396426399
2016-11-30,2.0,0.0963815042265966
2016-11-30,5.0,0.1017469946304958
2016-11-30,7.0,0.1038546038639618
2016-11-30,10.0,0.1059911612969762
2016-11-30,15.0,0.108212298576446
2016-11-30,20.0,0.109671576285832
2016-12-31,0.25,0.0816507007590073
2016-12-31,0.5,0.08300229187302
2016-12-31,1.0,0.0852423122488932
2016-12-31,2.0,0.0886013506498502
2016-12-31,5.0,0.0945410068640599
2016-12-31,7.0,0.0968508691317591
2016-12-31,10.0,0.0991519278236206
2016-12-31,15.0,0.101478141967327
2016-12-31,20.0,0.1029675247023558
2017-01-31,0.25,0.0828544679029423
2017-01-31,0.5,0.0840690279931457
2017-01-31,1.0,0.0860593901811718
2017-01-31,2.0,0.0890036720124534
2017-01-31,5.0,0.0941728357785463
2017-01-31,7.0,0.09621128788443
2017-01-31,10.0,0.0982915967939614
2017-01-31,15.0,0.1004768047528477
2017-01-31,20.0,0.1019257885395386
2017-02-28,0.25,0.0940484979472253
2017-02-28,0.5,0.094954591491648
2017-02-28,1.0,0.0963829554059245
2017-02-28,2.0,0.0983935908056831
2017-02-28,5.0,0.1018283214674066
2017-02-28,7.0,0.103255810064607
2017-02-28,10.0,0.1048391955699036
2017-02-28,15.0,0.1067069886138601
2017-02-28,20.0,0.1080650315048287
2017-03-31,0.25,0.0865310959524538
2017-03-31,0.5,0.0872994231708314
2017-03-31,1.0,0.08847678924279
2017-03-31,2.0,0.0900704425080012
2017-03-31,5.0,0.0927305462942064
2017-03-31,7.0,0.0938851683550183
2017-03-31,10.0,0.095246619544702
2017-03-31,15.0,0.0969726497710696
2017-03-31,20.0,0.0982900769347826
2017-04-30,0.25,0.0815289970902356
2017-04-30,0.5,0.0828404619966605
2017-04-30,1.0,0.0850073760350558
2017-04-30,2.0,0.0882449630467539
2017-04-30,5.0,0.0939589992585836
2017-04-30,7.0,0.0961893856514648
2017-04-30,10.0,0.0984258031303769
2017-04-30,15.0,0.1007107270371283
2017-04-30,20.0,0.1021882799212061
2017-05-31,0.25,0.0861280334302716
2017-05-31,0.5,0.0873102262262569
2017-05-31,1.0,0.0892416181183943
2017-05-31,2.0,0.0920879327335934
2017-05-31,5.0,0.0970751029987427
2017-05-31,7.0,0.0990494469025781
2017-05-31,10.0,0.1010776138010919
2017-05-31,15.0,0.1032295155162987
2017-05-31,20.0,0.10466895690441
2017-06-30,0.25,0.0843454498940597
2017-06-30,0.5,0.0854706554406588
2017-06-30,1.0,0.0872982216952388
2017-06-30,2.0,0.0899720510190522
2017-06-30,5.0,0.0946387957041367
2017-06-30,7.0,0.096500267951997
2017-06-30,10.0,0.0984366313847854
2017-06-30,15.0,0.1005298926958271
2017-06-30,20.0,0.1019525333268554
2017-07-31,0.25,0.0788127632442844
2017-07-31,0.5,0.0798117009432913
2017-07-31,1.0,0.0814092185480338
2017-07-31,2.0,0.0837008685822837
2017-07-31,5.0,0.0876576395672149
2017-07-31,7.0,0.0892690197118827
2017-07-31,10.0,0.0910019722739327
2017-07-31,15.0,0.0929653028075528
2017-07-31,20.0,0.09435071764759
2017-08-31,0.25,0.0872038284891324
2017-08-31,0.5,0.0878217129040664
2017-08-31,1.0,0.0887249857332088
2017-08-31,2.0,0.0898632885284756
2017-08-31,5.0,0.0916774886594034
2017-08-31,7.0,0.0925341365499034
2017-08-31,10.0,0.0936532322846686
2017-08-31,15.0,0.095224455481522
2017-08-31,20.0,0.0964975296886915
2017-09-30,0.25,0.077047533849526
2017-09-30,0.5,0.0781792031712273
2017-09-30,1.0,0.0800185458420801
2017-09-30,2.0,0.0827119392989927
2017-09-30,5.0,0.0874150282349199
2017-09-30,7.0,0.0892893029431111
2017-09-30,10.0,0.0912360791781043
2017-09-30,15.0,0.0933359917732228
2017-09-30,20.0,0.0947605380290443
2017-10-31,0.25,0.0784021360154506
2017-10-31,0.5,0.0796353694555322
2017-10-31,1.0,0.0816597528057891
2017-10-31,2.0,0.0846605539151478
2017-10-31,5.0,0.0899347134308331
2017-10-31,7.0,0.0920101508614353
2017-10-31,10.0,0.0941205415568749
2017-10-31,15.0,0.0963249645646673
2017-10-31,20.0,0.0977794535550417
2017-11-30,0.25,0.0829423507865352
2017-11-30,0.5,0.0839928119024066
2017-11-30,1.0,0.0856842005337858
2017-11-30,2.0,0.0881317982873375
2017-11-30,5.0,0.0923782730378223
2017-11-30,7.0,0.0940917029119582
2017-11-30,10.0,0.0959076569925077
2017-11-30,15.0,0.0979240055963355
2017-11-30,20.0,0.0993246103678075
2017-12-31,0.25,0.0882242379550463
2017-12-31,0.5,0.0896139441921582
2017-12-31,1.0,0.091923406890638
2017-12-31,2.0,0.095397809661428
2017-12-31,5.0,0.1015517780342314
2017-12-31,7.0,0.1039371329271798
2017-12-31,10.0,0.1062995930805038
2017-12-31,15.0,0.1086650280367149
2017-12-31,20.0,0.1101656477226631
2018-01-31,0.25,0.0939179038462442
2018-01-31,0.5,0.0948998739053501
2018-01-31,1.0,0.0964664779978674
2018-01-31,2.0,0.0987067714858022
2018-01-31,5.0,0.1025681375175868
2018-01-31,7.0,0.1041459107478263
2018-01-31,10.0,0.1058515293331556
2018-01-31,15.0,0.1077974000091366
2018-01-31,20.0,0.1091778125162076
2018-02-28,0.25,0.0898181941373431
2018-02-28,0.5,0.0907057480792191
2018-02-28,1.0,0.0921003345068614
2018-02-28,2.0,0.0940548554462473
2018-02-28,5.0,0.0973853423874164
2018-02-28,7.0,0.0987761105662233
2018-02-28,10.0,0.1003296297455385
2018-02-28,15.0,0.1021783453678243
2018-02-28,20.0,0.1035309224859725
2018-03-31,0.25,0.0949510271002219
2018-03-31,0.5,0.0956494518792702
2018-03-31,1.0,0.096699462000409
2018-03-31,2.0,0.0980815391192689
2018-03-31,5.0,0.1003485983224963
2018-03-31,7.0,0.1013647682879924
2018-03-31,10.0,0.102613610319273
2018-03-31,15.0,0.1042677102921445
2018-03-31,20.0,0.1055645290931914
2018-04-30,0.25,0.0943724706329086
2018-04-30,0.5,0.0952328565463785
2018-04-30,1.0,0.0965779452723272
2018-04-30,2.0,0.0984502357944443
2018-04-30,5.0,0.1016279634542821
2018-04-30,7.0,0.1029649213441416
2018-04-30,10.0,0.1044746742565904
2018-04-30,15.0,0.1062954337275745
2018-04-30,20.0,0.107640001274273
2018-05-31,0.25,0.1060657168819824
2018-05-31,0.5,0.106748520857761
2018-05-31,1.0,0.1077700712817553
2018-05-31,2.0,0.1091048683716145
2018-05-31,5.0,0.1112840955597389
2018-05-31,7.0,0.1122693262194833
2018-05-31,10.0,0.113493003957119
2018-05-31,15.0,0.1151310299796422
2018-05-31,20.0,0.1164232435168099
2018-06-30,0.25,0.1144309771641144
2018-06-30,0.5,0.114904848517999
2018-06-30,1.0,0.1155457425160678
2018-06-30,2.0,0.116248155966507
2018-06-30,5.0,0.117252605335278
2018-06-30,7.0,0.1178240141089968
2018-06-30,10.0,0.1187111123661428
2018-06-30,15.0,0.120134144797589
2018-06-30,20.0,0.1213647616396188
2018-07-31,0.25,0.1158763122252778
2018-07-31,0.5,0.1163628259528435
2018-07-31,1.0,0.1170267532175084
2018-07-31,2.0,0.1177674317804365
2018-07-31,5.0,0.1188429661719767
2018-07-31,7.0,0.1194394150321748
2018-07-31,10.0,0.1203468794893291
2018-07-31,15.0,0.1217829210396616
2018-07-31,20.0,0.1230172650566553
2018-08-31,0.25,0.1238649404499781
2018-08-31,0.5,0.1243618534909379
2018-08-31,1.0,0.1250447273683087
2018-08-31,2.0,0.1258168818950763
2018-08-31,5.0,0.1269508891215483
2018-08-31,7.0,0.1275679353563598
2018-08-31,10.0,0.1284921525612081
2018-08-31,15.0,0.1299388951007449
2018-08-31,20.0,0.1311763050024769
2018-09-30,0.25,0.1154491565811407
2018-09-30,0.5,0.1159467262370569
2018-09-30,1.0,0.1166307964077604
2018-09-30,2.0,0.1174049383338729
2018-09-30,5.0,0.1185426375481242
2018-09-30,7.0,0.1191609843057417
2018-09-30,10.0,0.1200862592827987
2018-09-30,15.0,0.1215336774851696
2018-09-30,20.0,0.1227712809675446
2018-10-31,0.25,0.1067414560215433
2018-10-31,0.5,0.1074976845863506
2018-10-31,1.0,0.1086530080008016
2018-10-31,2.0,0.1102100418501098
2018-10-31,5.0,0.1128021178207945
2018-10-31,7.0,0.1139327767130336
2018-10-31,10.0,0.1152747376072508
2018-10-31,15.0,0.1169883182077309
2018-10-31,20.0,0.118302178493908
2018-11-30,0.25,0.0999980601913641
2018-11-30,0.5,0.1008111827030574
2018-11-30,1.0,0.102070161766311
2018-11-30,2.0,0.1037993985050799
2018-11-30,5.0,0.1067113754383395
2018-11-30,7.0,0.1079547211871851
2018-11-30,10.0,0.1093883352417002
2018-11-30,15.0,0.111160460237214
2018-11-30,20.0,0.1124910937733975
2018-12-31,0.25,0.0970617009469788
2018-12-31,0.5,0.0979243202370959
2018-12-31,1.0,0.0992734779742147
2018-12-31,2.0,0.1011525283351717
2018-12-31,5.0,0.1043428137340723
2018-12-31,7.0,0.1056841951559202
2018-12-31,10.0,0.1071975459208483
2018-12-31,15.0,0.1090206035569598
2018-12-31,20.0,0.1103658295389913
2019-01-31,0.25,0.0905099666542876
2019-01-31,0.5,0.0912926489920254
2019-01-31,1.0,0.0924961687990007
2019-01-31,2.0,0.0941332712036666
2019-01-31,5.0,0.0968740903691438
2019-01-31,7.0,0.0980571448619709
2019-01-31,10.0,0.0994417213949964
2019-01-31,15.0,0.1011825231713193
2019-01-31,20.0,0.1025041824549515
2019-02-28,0.25,0.0987773683642104
2019-02-28,0.5,0.0993517648907314
2019-02-28,1.0,0.1001758067026001
2019-02-28,2.0,0.1011824831922379
2019-02-28,5.0,0.1027521613990405
2019-02-28,7.0,0.1035226751098265
2019-02-28,10.0,0.1045717141403923
2019-02-28,15.0,0.1060981878997788
2019-02-28,20.0,0.1073584411784572
2019-03-31,0.25,0.0932638877055727
2019-03-31,0.5,0.0941298571577108
2019-03-31,1.0,0.0954851185884015
2019-03-31,2.0,0.0973743090013632
2019-03-31,5.0,0.1005834315545477
2019-03-31,7.0,0.1019314484666004
2019-03-31,10.0,0.10345019616659
2019-03-31,15.0,0.1052767011502582
2019-03-31,20.0,0.1066229148139011
2019-04-30,0.25,0.0845447269672716
2019-04-30,0.5,0.0854460023051834
2019-04-30,1.0,0.0868655878810023
2019-04-30,2.0,0.0888616398473974
2019-04-30,5.0,0.0922692788941936
2019-04-30,7.0,0.0936872243224646
2019-04-30,10.0,0.0952628479501298
2019-04-30,15.0,0.0971256830152368
2019-04-30,20.0,0.0984823054214823
2019-05-31,0.25,0.0853317887749743
2019-05-31,0.5,0.0858973389345046
2019-05-31,1.0,0.0867052634621955
2019-05-31,2.0,0.0876851643449294
2019-05-31,5.0,0.0892051015604578
2019-05-31,7.0,0.0899580937361222
2019-05-31,10.0,0.0909928817340874
2019-05-31,15.0,0.0925102525004128
2019-05-31,20.0,0.0937678977279134
2019-06-30,0.25,0.0852816174813432
2019-06-30,0.5,0.0860683650316411
2019-06-30,1.0,0.0872792912898914
2019-06-30,2.0,0.088928698014919
2019-06-30,5.0,0.0916923748916687
2019-06-30,7.0,0.0928834811378002
2019-06-30,10.0,0.0942746065147506
2019-06-30,15.0,0.0960195914322167
2019-06-30,20.0,0.0973424492058523
2019-07-31,0.25,0.0883431161932754
2019-07-31,0.5,0.0893357900335533
2019-07-31,1.0,0.0909218954516554
2019-07-31,2.0,0.0931945864466515
2019-07-31,5.0,0.0971161372623638
2019-07-31,7.0,0.0987151109105757
2019-07-31,10.0,0.1004379727251982
2019-07-31,15.0,0.1023948576905296
2019-07-31,20.0,0.1037784258443336
2019-08-31,0.25,0.1021991668341118
2019-08-31,0.5,0.1031336227994252
2019-08-31,1.0,0.1046136604909653
2019-08-31,2.0,0.1067101414173011
2019-08-31,5.0,0.1103043471416718
2019-08-31,7.0,0.1117880116983699
2019-08-31,10.0,0.1134170875740945
2019-08-31,15.0,0.1153140658102133
2019-08-31,20.0,0.1166804703987336
2019-09-30,0.25,0.1227949695948809
2019-09-30,0.5,0.1235337616818065
2019-09-30,1.0,0.1246573174034435
2019-09-30,2.0,0.1261615756582011
2019-09-30,5.0,0.1286556105126767
2019-09-30,7.0,0.1297517338876891
2019-09-30,10.0,0.1310656055318228
2019-09-30,15.0,0.1327612438360663
2019-09-30,20.0,0.1340699635683049
2019-10-31,0.25,0.1233903560591652
2019-10-31,0.5,0.1241524691918112
2019-10-31,1.0,0.1253185137590496
2019-10-31,2.0,0.1268933586346709
2019-10-31,5.0,0.1295185221132359
2019-10-31,7.0,0.1306608362603574
2019-10-31,10.0,0.1320122768842984
2019-10-31,15.0,0.1337319127592499
2019-10-31,20.0,0.1350475079106093
2019-11-30,0.25,0.1204922072072605
2019-11-30,0.5,0.1209741872019924
2019-11-30,1.0,0.1216298544136267
2019-11-30,2.0,0.1223568105695719
2019-11-30,5.0,0.1234068528731661
2019-11-30,7.0,0.1239943220065267
2019-11-30,10.0,0.1248944828582026
2019-11-30,15.0,0.1263258591557176
2019-11-30,20.0,0.1275588665554006
2019-12-31,0.25,0.1088729674827648
2019-12-31,0.5,0.1092243299515027
2019-12-31,1.0,0.1096420237908731
2019-12-31,2.0,0.1099736353342285
2019-12-31,5.0,0.110289246743473
2019-12-31,7.0,0.1106180085937641
2019-12-31,10.0,0.1113077514712464
2019-12-31,15.0,0.1126047211322273
2019-12-31,20.0,0.1137992203858135
2020-01-31,0.25,0.1123746357663318
2020-01-31,0.5,0.1126183823691105
2020-01-31,1.0,0.1128400097898549
2020-01-31,2.0,0.1128458966457119
2020-01-31,5.0,0.1125564099558977
2020-01-31,7.0,0.1126720227047522
2020-01-31,10.0,0.1131884020742832
2020-01-31,15.0,0.1143746340186275
2020-01-31,20.0,0.1155374063852039
2020-02-29,0.25,0.0985225426107097
2020-02-29,0.5,0.0987403156563677
2020-02-29,1.0,0.0989146215945571
2020-02-29,2.0,0.0988418933809638
2020-02-29,5.0,0.0984063636342136
2020-02-29,7.0,0.098470531920748
2020-02-29,10.0,0.0989450692539187
2020-02-29,15.0,0.1001045741689088
2020-02-29,20.0,0.1012596891133694
2020-03-31,0.25,0.0969128040368123
2020-03-31,0.5,0.0967047279859509
2020-03-31,1.0,0.0961031752114358
2020-03-31,2.0,0.0947415147140304
2020-03-31,5.0,0.091911538047275
2020-03-31,7.0,0.0911322493633926
2020-03-31,10.0,0.0909207661681547
2020-03-31,15.0,0.0916420684430417
2020-03-31,20.0,0.0926716362291159
2020-04-30,0.25,0.0990649320257039
2020-04-30,0.5,0.0990715166122925
2020-04-30,1.0,0.0988610561923262
2020-04-30,2.0,0.0981491165184105
2020-04-30,5.0,0.0965261249231029
2020-04-30,7.0,0.0961720033052331
2020-04-30,10.0,0.0963063271227037
2020-04-30,15.0,0.097248517169399
2020-04-30,20.0,0.0983413703616641
2020-05-31,0.25,0.0728751690489405
2020-05-31,0.5,0.0734736382983258
2020-05-31,1.0,0.0743415384438752
2020-05-31,2.0,0.0754210766817534
2020-05-31,5.0,0.0771261100122126
2020-05-31,7.0,0.0779443033026026
2020-05-31,10.0,0.0790321222253756
2020-05-31,15.0,0.08058336703817
2020-05-31,20.0,0.081850717342473
2020-06-30,0.25,0.0605170612164798
2020-06-30,0.5,0.0607972692529008
2020-06-30,1.0,0.0610853261229509
2020-06-30,2.0,0.0612015720691988
2020-06-30,5.0,0.0611170992403919
2020-06-30,7.0,0.0613049292385216
2020-06-30,10.0,0.0618800460626541
2020-06-30,15.0,0.0631037971578305
2020-06-30,20.0,0.0642773189410944
2020-07-31,0.25,0.0778080452093453
2020-07-31,0.5,0.0782871651844946
2020-07-31,1.0,0.0789376216979505
2020-07-31,2.0,0.0796559213330711
2020-07-31,5.0,0.0806898824352812
2020-07-31,7.0,0.081271686877858
2020-07-31,10.0,0.0821672403881981
2020-07-31,15.0,0.0835956736992373
2020-07-31,20.0,0.0848278379191779
2020-08-31,0.25,0.0877528763820192
2020-08-31,0.5,0.0882723089658685
2020-08-31,1.0,0.0889962114228459
2020-08-31,2.0,0.0898365266339596
2020-08-31,5.0,0.091097155827115
2020-08-31,7.0,0.0917588053394161
2020-08-31,10.0,0.0927193003451071
2020-08-31,15.0,0.0941892157015613
2020-08-31,20.0,0.0954332647264969
2020-09-30,0.25,0.0902938608524726
2020-09-30,0.5,0.0905739813299105
2020-09-30,1.0,0.0908618786753766
2020-09-30,2.0,0.0909778596038024
2020-09-30,5.0,0.0908928944519185
2020-09-30,7.0,0.0910805510265627
2020-09-30,10.0,0.091655526797772
2020-09-30,15.0,0.0928791877939488
2020-09-30,20.0,0.0940526837634171
2020-10-31,0.25,0.0772996145809412
2020-10-31,0.5,0.0780392359974275
2020-10-31,1.0,0.0791643026828557
2020-10-31,2.0,0.0806710710982628
2020-10-31,5.0,0.0831697690731452
2020-10-31,7.0,0.0842675350577215
2020-10-31,10.0,0.0855827427082201
2020-10-31,15.0,0.0872792344002153
2020-10-31,20.0,0.0885881986321383
2020-11-30,0.25,0.0685122403360111
2020-11-30,0.5,0.0695626155211723
2020-11-30,1.0,0.0712538475945344
2020-11-30,2.0,0.0737011852586144
2020-11-30,5.0,0.0779471768414091
2020-11-30,7.0,0.0796604365170942
2020-11-30,10.0,0.0814762521677829
2020-11-30,15.0,0.083492512348119
2020-11-30,20.0,0.0848930917858364
2020-12-31,0.25,0.0609124434345079
2020-12-31,0.5,0.0623065578760505
2020-12-31,1.0,0.0646240519261123
2020-12-31,2.0,0.068111797162698
2020-12-31,5.0,0.0742905518074656
2020-12-31,7.0,0.0766846377997273
2020-12-31,10.0,0.0790541993388653
2020-12-31,15.0,0.0814241703780116
2020-12-31,20.0,0.0829260896734797
2021-01-31,0.25,0.074472906848798
2021-01-31,0.5,0.0759754420450113
2021-01-31,1.0,0.0784904689484636
2021-01-31,2.0,0.0823063750572281
2021-01-31,5.0,0.0890947534964518
2021-01-31,7.0,0.0917035827910059
2021-01-31,10.0,0.0942478044715357
2021-01-31,15.0,0.0967293414652114
2021-01-31,20.0,0.0982632249418184
2021-02-28,0.25,0.074010749717809
2021-02-28,0.5,0.0753245560921437
2021-02-28,1.0,0.0774957360742573
2021-02-28,2.0,0.0807404100883819
2021-02-28,5.0,0.0864676118104136
2021-02-28,7.0,0.0887026358259775
2021-02-28,10.0,0.0909428252867155
2021-02-28,15.0,0.0932301585854985
2021-02-28,20.0,0.0947084017719507
2021-03-31,0.25,0.0775181394053986
2021-03-31,0.5,0.0786522769541723
2021-03-31,1.0,0.080496116512525
2021-03-31,2.0,0.0831969806382339
2021-03-31,5.0,0.0879139478206092
2021-03-31,7.0,0.0897931112167082
2021-03-31,10.0,0.0917438636358807
2021-03-31,15.0,0.0938463160593758
2021-03-31,20.0,0.0952715899882104
2021-04-30,0.25,0.0917551877413183
2021-04-30,0.5,0.0927930479635403
2021-04-30,1.0,0.0944614789012068
2021-04-30,2.0,0.0968709370913254
2021-04-30,5.0,0.1010465600512704
2021-04-30,7.0,0.1027350319962502
2021-04-30,10.0,0.104530686698944
2021-04-30,15.0,0.10653406886722
2021-04-30,20.0,0.1079309586927081
2021-05-31,0.25,0.0880345247099879
2021-05-31,0.5,0.0893750839041261
2021-05-31,1.0,0.0915950051152424
2021-05-31,2.0,0.0949206528203052
2021-05-31,5.0,0.100798279205683
2021-05-31,7.0,0.1030862911282922
2021-05-31,10.0,0.1053695779766449
2021-05-31,15.0,0.1076844401732556
2021-05-31,20.0,0.1091705705209879
2021-06-30,0.25,0.0829819736722838
2021-06-30,0.5,0.0847841190242754
2021-06-30,1.0,0.0878450086562747
2021-06-30,2.0,0.0925677552526601
2021-06-30,5.0,0.1010407694479982
2021-06-30,7.0,0.1042430208640604
2021-06-30,10.0,0.1072698987696792
2021-06-30,15.0,0.1100597373714523
2021-06-30,20.0,0.111681950737659
2021-07-31,0.25,0.0739054578606673
2021-07-31,0.5,0.0755616481879552
2021-07-31,1.0,0.078356620905947
2021-07-31,2.0,0.0826376003485149
2021-07-31,5.0,0.0902899445877176
2021-07-31,7.0,0.0932031105414415
2021-07-31,10.0,0.0959948625679885
2021-07-31,15.0,0.0986345121058791
2021-07-31,20.0,0.1002136955848475
2021-08-31,0.25,0.0710554384732786
2021-08-31,0.5,0.0727073481403597
2021-08-31,1.0,0.075494521880862
2021-08-31,2.0,0.0797625449001762
2021-08-31,5.0,0.0873908200178713
2021-08-31,7.0,0.0902955074924367
2021-08-31,10.0,0.0930803636002155
2021-08-31,15.0,0.0957156082993513
2021-08-31,20.0,0.097293529770887
2021-09-30,0.25,0.0889562634150022
2021-09-30,0.5,0.090392541902857
2021-09-30,1.0,0.0927868550490765
2021-09-30,2.0,0.0964022196723231
2021-09-30,5.0,0.1028180525958809
2021-09-30,7.0,0.1052956507032407
2021-09-30,10.0,0.1077331363064835
2021-09-30,15.0,0.1101464945373896
2021-09-30,20.0,0.1116608444714191
2021-10-31,0.25,0.0970335086226664
2021-10-31,0.5,0.0982312764846855
2021-10-31,1.0,0.1001910447448414
2021-10-31,2.0,0.1030845009545571
2021-10-31,5.0,0.1081592460653457
2021-10-31,7.0,0.1101644386855884
2021-10-31,10.0,0.1122176961974621
2021-10-31,15.0,0.1143856247989804
2021-10-31,20.0,0.1158296579668988
2021-11-30,0.25,0.1100206207568367
2021-11-30,0.5,0.1111439919211591
2021-11-30,1.0,0.1129682160963888
2021-11-30,2.0,0.115636493231512
2021-11-30,5.0,0.1202929236267962
2021-11-30,7.0,0.1221507626098911
2021-11-30,10.0,0.1240841709491755
2021-11-30,15.0,0.1261755446639696
2021-11-30,20.0,0.1275976444896184
2021-12-31,0.25,0.1219002432265476
2021-12-31,0.5,0.122818794457887
2021-12-31,1.0,0.1242698551561028
2021-12-31,2.0,0.1263181966704916
2021-12-31,5.0,0.1298229739057827
2021-12-31,7.0,0.1312751367900745
2021-12-31,10.0,0.1328785909747018
2021-12-31,15.0,0.1347592030931641
2021-12-31,20.0,0.1361209187104698
2022-01-31,0.25,0.1395011425966519
2022-01-31,0.5,0.1403664689857042
2022-01-31,1.0,0.1417205588133503
2022-01-31,2.0,0.1436078028448858
2022-01-31,5.0,0.1468133096091961
2022-01-31,7.0,0.1481600528399222
2022-01-31,10.0,0.1496777645990549
2022-01-31,15.0,0.1515036078648886
2022-01-31,20.0,0.1528496319431977
2022-02-28,0.25,0.1304478208981494
2022-02-28,0.5,0.1311994125055766
2022-02-28,1.0,0.1323462878011676
2022-02-28,2.0,0.1338892868101655
2022-02-28,5.0,0.1364552902861382
2022-02-28,7.0,0.1375767650000949
2022-02-28,10.0,0.138911255999511
2022-02-28,15.0,0.1406200651281655
2022-02-28,20.0,0.1419325583647764
2022-03-31,0.25,0.133917854749469
2022-03-31,0.5,0.1348538779687316
2022-03-31,1.0,0.13633677105586
2022-03-31,2.0,0.1384379956442782
2022-03-31,5.0,0.1420410136601909
2022-03-31,7.0,0.1435277823945863
2022-03-31,10.0,0.145159383034109
2022-03-31,15.0,0.1470579739889675
2022-03-31,20.0,0.1484248406291427
2022-04-30,0.25,0.1413732966903034
2022-04-30,0.5,0.1423465487623063
2022-04-30,1.0,0.1438972694672427
2022-04-30,2.0,0.1461111759201488
2022-04-30,5.0,0.1499235228098529
2022-04-30,7.0,0.1514840287802812
2022-04-30,10.0,0.1531756031462664
2022-04-30,15.0,0.1551125029332726
2022-04-30,20.0,0.1564903452376203
2022-05-31,0.25,0.1518172028472599
2022-05-31,0.5,0.1527364093166717
2022-05-31,1.0,0.1541886637996614
2022-05-31,2.0,0.1562389885459321
2022-05-31,5.0,0.159747450027115
2022-05-31,7.0,0.1612009107070908
2022-05-31,10.0,0.1628054204458389
2022-05-31,15.0,0.1646867068103089
2022-05-31,20.0,0.1660486156023301
2022-06-30,0.25,0.1381583067018709
2022-06-30,0.5,0.1388895680477495
2022-06-30,1.0,0.1399994034372261
2022-06-30,2.0,0.1414808681359192
2022-06-30,5.0,0.1439325594469828
2022-06-30,7.0,0.1450137670781778
2022-06-30,10.0,0.146315507094008
2022-06-30,15.0,0.1480033961963964
2022-06-30,20.0,0.1493098957451317
2022-07-31,0.25,0.1358155059634033
2022-07-31,0.5,0.1366634602175838
2022-07-31,1.0,0.1379858995795868
2022-07-31,2.0,0.1398205627657992
2022-07-31,5.0,0.14292839019915
2022-07-31,7.0,0.1442407253534743
2022-07-31,10.0,0.145730451515733
2022-07-31,15.0,0.1475384186948795
2022-07-31,20.0,0.1488793211886037
2022-08-31,0.25,0.1354226278991853
2022-08-31,0.5,0.136161478826701
2022-08-31,1.0,0.1372851417505953
2022-08-31,2.0,0.1387895781002149
2022-08-31,5.0,0.1412839438011586
2022-08-31,7.0,0.1423801837186416
2022-08-31,10.0,0.1436941501518755
2022-08-31,15.0,0.1453898490036278
2022-08-31,20.0,0.146698586083018
2022-09-30,0.25,0.1481723322481068
2022-09-30,0.5,0.1489976187971935
2022-09-30,1.0,0.1502787596413933
2022-09-30,2.0,0.1520448136955584
2022-09-30,5.0,0.1550251860818299
2022-09-30,7.0,0.1562926245015574
2022-09-30,10.0,0.1577458341814439
2022-09-30,15.0,0.1595304760834008
2022-09-30,20.0,0.1608646957733221
2022-10-31,0.25,0.1522053465844835
2022-10-31,0.5,0.1530703415141198
2022-10-31,1.0,0.1544238274525529
2022-10-31,2.0,0.1563100682443362
2022-10-31,5.0,0.1595137112921699
2022-10-31,7.0,0.1608597980186152
2022-10-31,10.0,0.1623769758140374
2022-10-31,15.0,0.1642024780050811
2022-10-31,20.0,0.1655484043638268
2022-11-30,0.25,0.1404418673104944
2022-11-30,0.5,0.1411250020134457
2022-11-30,1.0,0.1421471549925718
2022-11-30,2.0,0.143482953105877
2022-11-30,5.0,0.1456640398932505
2022-11-30,7.0,0.1466499256069598
2022-11-30,10.0,0.1478741361287007
2022-11-30,15.0,0.1495125024725289
2022-11-30,20.0,0.1508048135133829
2022-12-31,0.25,0.1155138786898028
2022-12-31,0.5,0.1166850337286058
2022-12-31,1.0,0.1185963158209373
2022-12-31,2.0,0.1214092220722597
2022-12-31,5.0,0.1263343296868016
2022-12-31,7.0,0.1282868116838977
2022-12-31,10.0,0.1302971973353066
2022-12-31,15.0,0.1324377410967744
2022-12-31,20.0,0.133873928376657
2023-01-31,0.25,0.1035141801847617
2023-01-31,0.5,0.1049415640423678
2023-01-31,1.0,0.1073196719730987
2023-01-31,2.0,0.1109081149093586
2023-01-31,5.0,0.1172739354689649
2023-01-31,7.0,0.1197339164486994
2023-01-31,10.0,0.1221570732697678
2023-01-31,15.0,0.1245612788442762
2023-01-31,20.0,0.1260730064983438
2023-02-28,0.25,0.0939065560856787
2023-02-28,0.5,0.0955940147385184
2023-02-28,1.0,0.0984459555304342
2023-02-28,2.0,0.1028215759023684
2023-02-28,5.0,0.1106497344063495
2023-02-28,7.0,0.1136248318925234
2023-02-28,10.0,0.1164669555492858
2023-02-28,15.0,0.1191387804819826
2023-02-28,20.0,0.1207271823659039
2023-03-31,0.25,0.0844370258060309
2023-03-31,0.5,0.0865393887045001
2023-03-31,1.0,0.0901472476762142
2023-03-31,2.0,0.0957786731707925
2023-03-31,5.0,0.1059397383338797
2023-03-31,7.0,0.1097366148983513
2023-03-31,10.0,0.1132471275035747
2023-03-31,15.0,0.1163458927240655
2023-03-31,20.0,0.1180566150484126
2023-04-30,0.25,0.0826323569538624
2023-04-30,0.5,0.0847105234153704
2023-04-30,1.0,0.0882742986574577
2023-04-30,2.0,0.093832487954032
2023-04-30,5.0,0.1038575023788872
2023-04-30,7.0,0.1076064543297316
2023-04-30,10.0,0.1110779877458352
2023-04-30,15.0,0.1141518546099736
2023-04-30,20.0,0.1158554434357918
2023-05-31,0.25,0.0942914853031057
2023-05-31,0.5,0.0960240483633115
2023-05-31,1.0,0.098958165324491
2023-05-31,2.0,0.1034703047762389
2023-05-31,5.0,0.1115520745011408
2023-05-31,7.0,0.1146165079213353
2023-05-31,10.0,0.1175312924094292
2023-05-31,15.0,0.1202495301924752
2023-05-31,20.0,0.1218512295806574
2023-06-30,0.25,0.0979441238991971
2023-06-30,0.5,0.099618401696643
2023-06-30,1.0,0.1024463281567644
2023-06-30,2.0,0.106782053574866
2023-06-30,5.0,0.1145360993030806
2023-06-30,7.0,0.1174850901602894
2023-06-30,10.0,0.1203059801512861
2023-06-30,15.0,0.1229642418624577
2023-06-30,20.0,0.1245487578183511
2023-07-31,0.25,0.1078466283033677
2023-07-31,0.5,0.1093614757908103
2023-07-31,1.0,0.11189893458035
2023-07-31,2.0,0.1157521067295564
2023-07-31,5.0,0.1226097142174104
2023-07-31,7.0,0.1252429298214435
2023-07-31,10.0,0.1278069859564881
2023-07-31,15.0,0.1303011924111687
2023-07-31,20.0,0.1318387057491273
2023-08-31,0.25,0.1111709837370809
2023-08-31,0.5,0.112347368958735
2023-08-31,1.0,0.1142681799733235
2023-08-31,2.0,0.1170969166011384
2023-08-31,5.0,0.1220514322743589
2023-08-31,7.0,0.1240142734203137
2023-08-31,10.0,0.1260330846216004
2023-08-31,15.0,0.1281790102893637
2023-08-31,20.0,0.1296167395112163
2023-09-30,0.25,0.1114858040401722
2023-09-30,0.5,0.1123202054596224
2023-09-30,1.0,0.113617952776971
2023-09-30,2.0,0.1154115951265448
2023-09-30,5.0,0.1184432182338974
2023-09-30,7.0,0.1197287099992946
2023-09-30,10.0,0.1211966032566133
2023-09-30,15.0,0.1229906244440734
2023-09-30,20.0,0.1243275313442825
2023-10-31,0.25,0.108964046422789
2023-10-31,0.5,0.1098257690600002
2023-10-31,1.0,0.1111732931762543
2023-10-31,2.0,0.1130496296066494
2023-10-31,5.0,0.1162348733421853
2023-10-31,7.0,0.1175744788106504
2023-10-31,10.0,0.1190863851148403
2023-10-31,15.0,0.1209085200868583
2023-10-31,20.0,0.1222534817212011
2023-11-30,0.25,0.1148198304117095
2023-11-30,0.5,0.1153808721754374
2023-11-30,1.0,0.1161805828118876
2023-11-30,2.0,0.1171468379761133
2023-11-30,5.0,0.1186414255677214
2023-11-30,7.0,0.1193854882002774
2023-11-30,10.0,0.1204130134093908
2023-11-30,15.0,0.1219257449949374
2023-11-30,20.0,0.1231820610748913
2023-12-31,0.25,0.1147240899398987
2023-12-31,0.5,0.1153167426240517
2023-12-31,1.0,0.1161740455114399
2023-12-31,2.0,0.1172359785488606
2023-12-31,5.0,0.1189083067337191
2023-12-31,7.0,0.1197149794584223
2023-12-31,10.0,0.1207934282000987
2023-12-31,15.0,0.1223386877137296
2023-12-31,20.0,0.1236043232011117
2024-01-31,0.25,0.1036139309924392
2024-01-31,0.5,0.1044450729074956
2024-01-31,1.0,0.105736881701307
2024-01-31,2.0,0.1075206583954724
2024-01-31,5.0,0.110533954094548
2024-01-31,7.0,0.1118129899305481
2024-01-31,10.0,0.1132756322974814
2024-01-31,15.0,0.1150662994249179
2024-01-31,20.0,0.1164022453708412
2024-02-29,0.25,0.1016304953885515
2024-02-29,0.5,0.1026090311266883
2024-02-29,1.0,0.1041693781956079
2024-02-29,2.0,0.1063992769047207
2024-02-29,5.0,0.1102413325767238
2024-02-29,7.0,0.1118123036275443
2024-02-29,10.0,0.1135123897021671
2024-02-29,15.0,0.1154547264302593
2024-02-29,20.0,0.1168341264443084
2024-03-31,0.25,0.0974726679856141
2024-03-31,0.5,0.0987782303441213
2024-03-31,1.0,0.1009343904716442
2024-03-31,2.0,0.1041541120360981
2024-03-31,5.0,0.1098349596423934
2024-03-31,7.0,0.1120536551681926
2024-03-31,10.0,0.1142805639524179
2024-03-31,15.0,0.1165594140830313
2024-03-31,20.0,0.1180352268011104
2024-04-30,0.25,0.1099868191711098
2024-04-30,0.5,0.1114354850183316
2024-04-30,1.0,0.1138523668180268
2024-04-30,2.0,0.117505224693061
2024-04-30,5.0,0.1239907087553102
2024-04-30,7.0,0.1264928418556723
2024-04-30,10.0,0.128950282844257
2024-04-30,15.0,0.1313763877819728
2024-04-30,20.0,0.1328943897086475
2024-05-31,0.25,0.119813394364436
2024-05-31,0.5,0.1212630092429023
2024-05-31,1.0,0.1236816200920791
2024-05-31,2.0,0.1273373504330156
2024-05-31,5.0,0.1338281706694138
2024-05-31,7.0,0.1363321834661867
2024-05-31,10.0,0.1387911532942619
2024-05-31,15.0,0.1412182347938637
2024-05-31,20.0,0.1427365165102032
2024-06-30,0.25,0.1168393075193902
2024-06-30,0.5,0.1180252734388001
2024-06-30,1.0,0.1199635396221052
2024-06-30,2.0,0.1228212744813119
2024-06-30,5.0,0.1278296601108626
2024-06-30,7.0,0.129811477242371
2024-06-30,10.0,0.1318457224445529
2024-06-30,15.0,0.1340015067384938
2024-06-30,20.0,0.1354420605040366
2024-07-31,0.25,0.1206401584653655
2024-07-31,0.5,0.1213932122187487
2024-07-31,1.0,0.1225427514126278
2024-07-31,2.0,0.1240901759496866
2024-07-31,5.0,0.1266644007202672
2024-07-31,7.0,0.1277887714300319
2024-07-31,10.0,0.1291256178697895
2024-07-31,15.0,0.1308359315600913
2024-07-31,20.0,0.1321488558608313
2024-08-31,0.25,0.1049206060070205
2024-08-31,0.5,0.10601211672337
2024-08-31,1.0,0.1077782940309359
2024-08-31,2.0,0.1103501380391499
2024-08-31,5.0,0.1148274248078723
2024-08-31,7.0,0.1166221594726936
2024-08-31,10.0,0.1185042423036412
2024-08-31,15.0,0.1205628313242075
2024-08-31,20.0,0.1219755381776964
2024-09-30,0.25,0.1027559353559045
2024-09-30,0.5,0.1037310277078939
2024-09-30,1.0,0.1052851012372768
2024-09-30,2.0,0.1075045777296764
2024-09-30,5.0,0.1113272720705823
2024-09-30,7.0,0.1128914229870603
2024-09-30,10.0,0.1145859619474502
2024-09-30,15.0,0.1165247553995016
2024-09-30,20.0,0.1179031402479684
2024-10-31,0.25,0.1006816935139673
2024-10-31,0.5,0.1018841582430189
2024-10-31,1.0,0.1038524837720276
2024-10-31,2.0,0.106760156152684
2024-10-31,5.0,0.1118613106157331
2024-10-31,7.0,0.1138758060741645
2024-10-31,10.0,0.1159366299921428
2024-10-31,15.0,0.1181093917130705
2024-10-31,20.0,0.1195548095928834
2024-11-30,0.25,0.1100713295680934
2024-11-30,0.5,0.1111220940131941
2024-11-30,1.0,0.112814035283119
2024-11-30,2.0,0.1152625511338076
2024-11-30,5.0,0.1195107314315033
2024-11-30,7.0,0.1212247620939346
2024-11-30,10.0,0.1230412048219413
2024-11-30,15.0,0.1250578655543381
2024-11-30,20.0,0.1264585597521423
2024-12-31,0.25,0.1046485762231468
2024-12-31,0.5,0.1057083109643355
2024-12-31,1.0,0.1074165953060957
2024-12-31,2.0,0.1098922618642007
2024-12-31,5.0,0.1141908799766412
2024-12-31,7.0,0.1159226776340572
2024-12-31,10.0,0.1177535710379314
2024-12-31,15.0,0.1197794622875711
2024-12-31,20.0,0.1211828010728429
2025-01-31,0.25,0.0937323021437762
2025-01-31,0.5,0.0951866503587738
2025-01-31,1.0,0.0976138849209467
2025-01-31,2.0,0.1012839418163253
2025-01-31,5.0,0.1078013764641933
2025-01-31,7.0,0.1103147643323784
2025-01-31,10.0,0.1127813593170054
2025-01-31,15.0,0.1152133114634666
2025-01-31,20.0,0.1167329886434951
2025-02-28,0.25,0.0855545215536388
2025-02-28,0.5,0.0867161183027338
2025-02-28,1.0,0.0886099860517939
2025-02-28,2.0,0.0913939618949425
2025-02-28,5.0,0.0962653255482102
2025-02-28,7.0,0.0981988759421975
2025-02-28,10.0,0.1001938636908991
2025-02-28,15.0,0.1023245718842767
2025-02-28,20.0,0.1037579412267216
2025-03-31,0.25,0.0838388678267046
2025-03-31,0.5,0.0851007035010661
2025-03-31,1.0,0.08717719754699
2025-03-31,2.0,0.0902645700344582
2025-03-31,5.0,0.0956995530257276
2025-03-31,7.0,0.0978316414016293
2025-03-31,10.0,0.0999881087942715
2025-03-31,15.0,0.1022219637644108
2025-03-31,20.0,0.1036848851531787
2025-04-30,0.25,0.0772449588096091
2025-04-30,0.5,0.0785758105064658
2025-04-30,1.0,0.080778045531546
2025-04-30,2.0,0.0840743112166787
2025-04-30,5.0,0.089897354682528
2025-04-30,7.0,0.0921661394744135
2025-04-30,10.0,0.0944337880544947
2025-04-30,15.0,0.0967386611470488
2025-04-30,20.0,0.0982219295685525
2025-05-31,0.25,0.0724426049633801
2025-05-31,0.5,0.0739541148718886
2025-05-31,1.0,0.076485492893108
2025-05-31,2.0,0.0803285630759768
2025-05-31,5.0,0.0871674041612146
2025-05-31,7.0,0.0897940091977033
2025-05-31,10.0,0.0923526886683784
2025-05-31,15.0,0.0948434607236148
2025-05-31,20.0,0.0963799900896582
2025-06-30,0.25,0.0677098259441476
2025-06-30,0.5,0.0692803077012194
2025-06-30,1.0,0.0719191271210142
2025-06-30,2.0,0.07594068945068
2025-06-30,5.0,0.0831111150392395
2025-06-30,7.0,0.0858545225232046
2025-06-30,10.0,0.0885082025446459
2025-06-30,15.0,0.0910596571748681
2025-06-30,20.0,0.0926135723897309
2025-07-31,0.25,0.0721858250791581
2025-07-31,0.5,0.0735600602167326
2025-07-31,1.0,0.0758413359647896
2025-07-31,2.0,0.0792689118200765
2025-07-31,5.0,0.0853358899258132
2025-07-31,7.0,0.0876906020233407
2025-07-31,10.0,0.09002813904787
2025-07-31,15.0,0.0923776541002514
2025-07-31,20.0,0.0938737126573868
2025-08-31,0.25,0.0637772349701108
2025-08-31,0.5,0.0651251602495692
2025-08-31,1.0,0.0673585018049363
2025-08-31,2.0,0.0707064446968435
2025-08-31,5.0,0.0766254888061321
2025-08-31,7.0,0.0789280903475962
2025-08-31,10.0,0.0812232435725244
2025-08-31,15.0,0.0835456855387317
2025-08-31,20.0,0.0850339875268124
2025-09-30,0.25,0.0597011454044809
2025-09-30,0.5,0.0609087983428837
2025-09-30,1.0,0.0628865763222121
2025-09-30,2.0,0.0658099520367081
2025-09-30,5.0,0.0709402785515544
2025-09-30,7.0,0.0729650500241351
2025-09-30,10.0,0.0750342318748875
2025-09-30,15.0,0.0772123323109932
2025-09-30,20.0,0.0786592797583137
2025-10-31,0.25,0.0774918104134848
2025-10-31,0.5,0.0785726597698085
2025-10-31,1.0,0.0803194130392986
2025-10-31,2.0,0.0828589879380112
2025-10-31,5.0,0.0872763284466955
2025-10-31,7.0,0.0890499467148838
2025-10-31,10.0,0.0909148546547767
2025-10-31,15.0,0.0929624730377425
2025-10-31,20.0,0.0943720367509342
2025-11-30,0.25,0.0768153104710362
2025-11-30,0.5,0.0775701056299301
2025-11-30,1.0,0.0787228175078631
2025-11-30,2.0,0.0802755128175977
2025-11-30,5.0,0.0828595290920132
2025-11-30,7.0,0.0839873489123392
2025-11-30,10.0,0.085327000664914
2025-11-30,15.0,0.0870391062775153
2025-11-30,20.0,0.0883525439725898
2025-12-31,0.25,0.0707093826821465
2025-12-31,0.5,0.0715657400207492
2025-12-31,1.0,0.072903489046001
2025-12-31,2.0,0.0747635861403369
2025-12-31,5.0,0.077918662093827
2025-12-31,7.0,0.0792476407967389
2025-12-31,10.0,0.080750903886662
2025-12-31,15.0,0.0825675179170262
2025-12-31,20.0,0.083910897775102
2026-01-31,0.25,0.0785500181512968
2026-01-31,0.5,0.0797508913612599
2026-01-31,1.0,0.0817163172857813
2026-01-31,2.0,0.0846191725602135
2026-01-31,5.0,0.0897113782946857
2026-01-31,7.0,0.0917227215147312
2026-01-31,10.0,0.0937809815790464
2026-01-31,15.0,0.0959521056121828
2026-01-31,20.0,0.0973970542865877
2026-02-28,0.25,0.1021301348728918
2026-02-28,0.5,0.1030446494607101
2026-02-28,1.0,0.104488355757868
2026-02-28,2.0,0.1065244794228001
2026-02-28,5.0,0.1100065595836458
2026-02-28,7.0,0.1114507272998306
2026-02-28,10.0,0.1130476786637545
2026-02-28,15.0,0.1149241370388778
2026-02-28,20.0,0.116284662588792
2026-03-31,0.25,0.0937773228726371
2026-03-31,0.5,0.0947668695755463
2026-03-31,1.0,0.0963472776309135
2026-03-31,2.0,0.0986105036103835
2026-03-31,5.0,0.1025144712857256
2026-03-31,7.0,0.1041072511769645
2026-03-31,10.0,0.1058250753375271
2026-03-31,15.0,0.107778742449722
2026-03-31,20.0,0.1091613886731668
2026-04-30,0.25,0.0964331993959766
2026-04-30,0.5,0.0971573019723831
2026-04-30,1.0,0.0982540947284184
2026-04-30,2.0,0.0997138917303607
2026-04-30,5.0,0.1021253310046026
2026-04-30,7.0,0.1031923596365695
2026-04-30,10.0,0.1044825672507668
2026-04-30,15.0,0.1061630899134746
2026-04-30,20.0,0.1074674789419056
2026-05-31,0.25,0.1000810951713375
2026-05-31,0.5,0.1007460421160706
2026-05-31,1.0,0.1017350586372507
2026-05-31,2.0,0.1030158072296593
2026-05-31,5.0,0.1050946286324085
2026-05-31,7.0,0.1060444908073319
2026-05-31,10.0,0.1072394018058251
2026-05-31,15.0,0.1088590527790351
2026-05-31,20.0,0.1101460017764319
2026-06-30,0.25,0.1097582984171021
2026-06-30,0.5,0.110490099866445
2026-06-30,1.0,0.1116009192758054
2026-06-30,2.0,0.1130840187244542
2026-06-30,5.0,0.1155387469072336
2026-06-30,7.0,0.1166210242930328
2026-06-30,10.0,0.117923634387177
2026-06-30,15.0,0.1196120792610016
2026-06-30,20.0,0.1209187380409193
2026-07-31,0.25,0.1042485861505169
2026-07-31,0.5,0.1049279546113758
2026-07-31,1.0,0.1059432458365016
2026-07-31,2.0,0.1072676445337665
2026-07-31,5.0,0.1094275546488118
2026-07-31,7.0,0.1104059807643416
2026-07-31,10.0,0.1116241240678789
2026-07-31,15.0,0.1132586149139271
2026-07-31,20.0,0.1145498156060769
