data,cooperativa,saldo_inicial,saldo_final,variacao_mensal
2020-01-31,Coop_01,32426853.54526178,29911584.31907067,-0.0775674772971811
2020-02-29,Coop_01,29911584.31907067,27804249.37601641,-0.0704521338814772
2020-03-31,Coop_01,27804249.37601641,24657479.96925303,-0.1131758446058875
2020-04-30,Coop_01,24657479.96925303,24885448.658246256,0.0092454171828384
2020-05-31,Coop_01,24885448.658246256,24317214.154195383,-0.0228340068067279
2020-06-30,Coop_01,24317214.154195383,24209106.81388742,-0.0044457123921537
2020-07-31,Coop_01,24209106.81388742,25094557.24599545,0.0365750970870226
2020-08-31,Coop_01,25094557.24599545,24793331.82480917,-0.0120036156937715
2020-09-30,Coop_01,24793331.82480917,25148302.551901232,0.0143171853464591
2020-10-31,Coop_01,25148302.551901232,25287964.6116222,0.0055535382331562
2020-11-30,Coop_01,25287964.6116222,24936248.385782517,-0.0139084434528999
2020-12-31,Coop_01,24936248.385782517,24626621.32064745,-0.0124167461097153
2021-01-31,Coop_01,24626621.32064745,25027203.619706783,0.0162662305089929
2021-02-28,Coop_01,25027203.619706783,24321659.60081847,-0.0281910847735604
2021-03-31,Coop_01,24321659.60081847,24852127.816581827,0.021810527096823
2021-04-30,Coop_01,24852127.816581827,24591049.66315289,-0.0105052635877213
2021-05-31,Coop_01,24591049.66315289,24848219.31112414,0.010457855662688
2021-06-30,Coop_01,24848219.31112414,26200923.81467987,0.0544386898158994
2021-07-31,Coop_01,26200923.81467987,26203891.813855022,0.0001132784170568
2021-08-31,Coop_01,26203891.813855022,27204701.03444884,0.0381931519067198
2021-09-30,Coop_01,27204701.03444884,25661619.107567515,-0.0567211499559339
2021-10-31,Coop_01,25661619.107567515,25393129.14477128,-0.0104627054774208
2021-11-30,Coop_01,25393129.14477128,25570096.4452188,0.0069691017376625
2021-12-31,Coop_01,25570096.4452188,27444808.307607617,0.073316573772226
2022-01-31,Coop_01,27444808.307607617,25726809.334852528,-0.0625983229140961
2022-02-28,Coop_01,25726809.334852528,25794539.143804964,0.0026326548337527
2022-03-31,Coop_01,25794539.143804964,27264417.994153425,0.0569841097820691
2022-04-30,Coop_01,27264417.994153425,26678895.1459086,-0.0214757141843404
2022-05-31,Coop_01,26678895.1459086,26640227.866062623,-0.0014493583648984
2022-06-30,Coop_01,26640227.866062623,27109385.30864676,0.0176108644769439
2022-07-31,Coop_01,27109385.30864676,27447108.59214506,0.0124577993802972
2022-08-31,Coop_01,27447108.59214506,29115946.773153946,0.0608019666409044
2022-09-30,Coop_01,29115946.773153946,29747663.339206472,0.0216965833525631
2022-10-31,Coop_01,29747663.339206472,23857756.310485188,-0.1979956194057963
2022-11-30,Coop_01,23857756.310485188,23382548.2302315,-0.0199183893937603
2022-12-31,Coop_01,23382548.2302315,23338114.098951668,-0.0019003117556872
2023-01-31,Coop_01,23338114.098951668,22531347.974954247,-0.0345686082678659
2023-02-28,Coop_01,22531347.974954247,23047832.022508424,0.0229229093673533
2023-03-31,Coop_01,23047832.022508424,22874841.12730538,-0.0075057339464336
2023-04-30,Coop_01,22874841.12730538,22474242.92153669,-0.0175126114992117
2023-05-31,Coop_01,22474242.92153669,23001332.337210048,0.0234530443367351
2023-06-30,Coop_01,23001332.337210048,22218595.7964359,-0.0340300522291001
2023-07-31,Coop_01,22218595.7964359,22951089.074961744,0.0329675774849526
2023-08-31,Coop_01,22951089.074961744,22704552.86902127,-0.0107418085971976
2023-09-30,Coop_01,22704552.86902127,23761867.01356848,0.0465683755432963
2023-10-31,Coop_01,23761867.01356848,23577811.981970623,-0.0077458152380348
2023-11-30,Coop_01,23577811.981970623,24240745.50963169,0.0281168383295274
2023-12-31,Coop_01,24240745.50963169,24538535.385890186,0.0122846830820518
2024-01-31,Coop_01,24538535.385890186,25324665.78401757,0.0320365655800069
2024-02-29,Coop_01,25324665.78401757,25574066.669138733,0.0098481412251669
2024-03-31,Coop_01,25574066.669138733,24238616.7979347,-0.0522189094320136
2024-04-30,Coop_01,24238616.7979347,25239860.09962959,0.0413077738734745
2024-05-31,Coop_01,25239860.09962959,25313840.595868614,0.0029310977139731
2024-06-30,Coop_01,25313840.595868614,26165222.58399505,0.0336330627074183
2024-07-31,Coop_01,26165222.58399505,26954329.764177244,0.0301586266904098
2024-08-31,Coop_01,26954329.764177244,26386526.650349293,-0.021065376835397
2024-09-30,Coop_01,26386526.650349293,25700006.24341176,-0.0260178391811354
2024-10-31,Coop_01,25700006.24341176,26443698.33783342,0.028937428550715
2024-11-30,Coop_01,26443698.33783342,26321694.622936387,-0.0046137160293679
2024-12-31,Coop_01,26321694.622936387,27342318.98422728,0.0387750247813274
2025-01-31,Coop_01,27342318.98422728,27335837.952325866,-0.0002370330002058
2025-02-28,Coop_01,27335837.952325866,28479004.714270145,0.04181934221069
2025-03-31,Coop_01,28479004.714270145,29071813.90660346,0.0208156569473185
2025-04-30,Coop_01,29071813.90660346,29539263.22998853,0.0160791247799951
2025-05-31,Coop_01,29539263.22998853,29329818.27559913,-0.0070903919559096
2025-06-30,Coop_01,29329818.27559913,29744394.27414566,0.0141349664921531
2025-07-31,Coop_01,29744394.27414566,31164684.491049383,0.0477498450233449
2025-08-31,Coop_01,31164684.491049383,31292536.32976338,0.0041024589467836
2025-09-30,Coop_01,31292536.32976338,32062054.39291662,0.0245911055289349
2025-10-31,Coop_01,32062054.39291662,32306450.694297347,0.0076226026687398
2025-11-30,Coop_01,32306450.694297347,32641182.40117741,0.0103611414960897
2025-12-31,Coop_01,32641182.40117741,34805925.26601257,0.0663193764928404
2026-01-31,Coop_01,34805925.26601257,36478717.21536864,0.0480605510863843
2026-02-28,Coop_01,36478717.21536864,36798968.744872965,0.0087791335318501
2026-03-31,Coop_01,36798968.744872965,37295971.682113096,0.0135058930777612
2026-04-30,Coop_01,37295971.682113096,36603554.52733262,-0.0185654676242838
2026-05-31,Coop_01,36603554.52733262,36601577.784608096,-5.400411927335839e-05
2026-06-30,Coop_01,36601577.784608096,37217542.90287287,0.0168289225642016
2026-07-31,Coop_01,37217542.90287287,38548869.33201455,0.0357714756349194
2020-01-31,Coop_02,47492208.96910919,45933321.521987565,-0.0328240669566578
2020-02-29,Coop_02,45933321.521987565,47779583.61725867,0.0401943955737519
2020-03-31,Coop_02,47779583.61725867,36497457.51629581,-0.2361285981757193
2020-04-30,Coop_02,36497457.51629581,38423554.84268826,0.0527734658101174
2020-05-31,Coop_02,38423554.84268826,40621949.4990904,0.0572147648858283
2020-06-30,Coop_02,40621949.4990904,41240668.27698624,0.0152311443819229
2020-07-31,Coop_02,41240668.27698624,42511201.55010399,0.0308077760666832
2020-08-31,Coop_02,42511201.55010399,43908150.33913869,0.0328607223060549
2020-09-30,Coop_02,43908150.33913869,46316601.31454376,0.0548520253484288
2020-10-31,Coop_02,46316601.31454376,47774759.00920413,0.0314823983901104
2020-11-30,Coop_02,47774759.00920413,45841358.000970304,-0.0404690897103499
2020-12-31,Coop_02,45841358.000970304,49341037.22765597,0.0763432712139895
2021-01-31,Coop_02,49341037.22765597,51477405.019972906,0.0432979911318015
2021-02-28,Coop_02,51477405.019972906,50868255.01421204,-0.0118333471845467
2021-03-31,Coop_02,50868255.01421204,49340331.46805769,-0.0300368775325093
2021-04-30,Coop_02,49340331.46805769,50508141.62636431,0.0236684700641429
2021-05-31,Coop_02,50508141.62636431,50319286.56618354,-0.0037391013428652
2021-06-30,Coop_02,50319286.56618354,51202381.86299904,0.0175498373899635
2021-07-31,Coop_02,51202381.86299904,52841843.18801137,0.0320192394447391
2021-08-31,Coop_02,52841843.18801137,52111280.07741676,-0.0138254660798879
2021-09-30,Coop_02,52111280.07741676,50388284.19076167,-0.0330637797439518
2021-10-31,Coop_02,50388284.19076167,51371039.46708745,0.0195036463755191
2021-11-30,Coop_02,51371039.46708745,50720241.60412552,-0.0126685749346941
2021-12-31,Coop_02,50720241.60412552,51283913.52798949,0.011113352500634
2022-01-31,Coop_02,51283913.52798949,49180430.7200012,-0.0410164252936793
2022-02-28,Coop_02,49180430.7200012,49041427.37897799,-0.0028263953566123
2022-03-31,Coop_02,49041427.37897799,50562855.0867884,0.0310233161864
2022-04-30,Coop_02,50562855.0867884,51938550.9324873,0.0272076377676377
2022-05-31,Coop_02,51938550.9324873,50817066.26626905,-0.0215925289805643
2022-06-30,Coop_02,50817066.26626905,49044096.7883412,-0.0348892529261317
2022-07-31,Coop_02,49044096.7883412,49365420.42647873,0.0065517291413126
2022-08-31,Coop_02,49365420.42647873,50630959.64546432,0.0256361478956792
2022-09-30,Coop_02,50630959.64546432,51652749.61937232,0.0201811299067393
2022-10-31,Coop_02,51652749.61937232,38076803.08316661,-0.2628310522914361
2022-11-30,Coop_02,38076803.08316661,40307435.17208991,0.0585824414946598
2022-12-31,Coop_02,40307435.17208991,40838689.7495837,0.0131800640558159
2023-01-31,Coop_02,40838689.7495837,38749375.12276877,-0.0511601777536516
2023-02-28,Coop_02,38749375.12276877,39257457.38792011,0.0131120118335224
2023-03-31,Coop_02,39257457.38792011,42301421.51175188,0.0775384939924413
2023-04-30,Coop_02,42301421.51175188,40649183.89056379,-0.0390586784590458
2023-05-31,Coop_02,40649183.89056379,40935368.90747422,0.0070403631640157
2023-06-30,Coop_02,40935368.90747422,40856701.76523895,-0.0019217401561246
2023-07-31,Coop_02,40856701.76523895,41238953.12733183,0.0093559035746273
2023-08-31,Coop_02,41238953.12733183,41766763.28645352,0.0127988253603818
2023-09-30,Coop_02,41766763.28645352,43683816.7695,0.0458990195122024
2023-10-31,Coop_02,43683816.7695,44075547.68430571,0.0089674150240283
2023-11-30,Coop_02,44075547.68430571,46310357.97858127,0.0507040845024216
2023-12-31,Coop_02,46310357.97858127,46397516.47777148,0.0018820519424732
2024-01-31,Coop_02,46397516.47777148,46107309.89073945,-0.0062547870891121
2024-02-29,Coop_02,46107309.89073945,45304055.79904392,-0.0174214044063512
2024-03-31,Coop_02,45304055.79904392,42694630.70827394,-0.0575980460192053
2024-04-30,Coop_02,42694630.70827394,43362901.98636688,0.0156523494174042
2024-05-31,Coop_02,43362901.98636688,46740438.85989917,0.0778900100965145
2024-06-30,Coop_02,46740438.85989917,47770515.94889164,0.022038241705005
2024-07-31,Coop_02,47770515.94889164,49205358.68480437,0.0300361573956586
2024-08-31,Coop_02,49205358.68480437,48789273.429574326,-0.0084560963755059
2024-09-30,Coop_02,48789273.429574326,48664779.36793285,-0.0025516686945785
2024-10-31,Coop_02,48664779.36793285,50633875.67165924,0.0404624520916641
2024-11-30,Coop_02,50633875.67165924,54497456.96726025,0.0763042774101436
2024-12-31,Coop_02,54497456.96726025,57662569.96008519,0.0580781777528886
2025-01-31,Coop_02,57662569.96008519,59633681.99772933,0.0341835620404807
2025-02-28,Coop_02,59633681.99772933,60064849.63628503,0.0072302702786677
2025-03-31,Coop_02,60064849.63628503,60866124.460900046,0.0133401619993562
2025-04-30,Coop_02,60866124.460900046,59626113.74763727,-0.0203727561799888
2025-05-31,Coop_02,59626113.74763727,56961669.38284418,-0.044685863245593
2025-06-30,Coop_02,56961669.38284418,55056988.35608637,-0.0334379425215979
2025-07-31,Coop_02,55056988.35608637,55483294.68345113,0.0077430012082677
2025-08-31,Coop_02,55483294.68345113,55249170.20754101,-0.0042197291499336
2025-09-30,Coop_02,55249170.20754101,52739175.00889216,-0.045430459665189
2025-10-31,Coop_02,52739175.00889216,52986715.91125856,0.0046936817332592
2025-11-30,Coop_02,52986715.91125856,52714096.00682586,-0.005145061356308
2025-12-31,Coop_02,52714096.00682586,50866482.23230389,-0.0350497099349428
2026-01-31,Coop_02,50866482.23230389,50512641.483371,-0.0069562653717023
2026-02-28,Coop_02,50512641.483371,50248290.897234336,-0.005233355025072
2026-03-31,Coop_02,50248290.897234336,49465306.959144026,-0.0155822998973564
2026-04-30,Coop_02,49465306.959144026,51366429.64616718,0.038433455767158
2026-05-31,Coop_02,51366429.64616718,48253544.15159451,-0.0606015546732659
2026-06-30,Coop_02,48253544.15159451,45189301.04189785,-0.063502964674884
2026-07-31,Coop_02,45189301.04189785,45465633.72874124,0.0061150024557182
2020-01-31,Coop_03,40961271.89392305,41786540.33844052,0.0201475297606641
2020-02-29,Coop_03,41786540.33844052,41248995.24189423,-0.0128640727897683
2020-03-31,Coop_03,41248995.24189423,33308989.70176329,-0.1924896714106319
2020-04-30,Coop_03,33308989.70176329,32994045.385274813,-0.0094552347371798
2020-05-31,Coop_03,32994045.385274813,34983173.86882188,0.0602874991629493
2020-06-30,Coop_03,34983173.86882188,34796085.47303481,-0.0053479537473818
2020-07-31,Coop_03,34796085.47303481,34940089.75789648,0.0041385196899022
2020-08-31,Coop_03,34940089.75789648,38176926.91594957,0.092639634885928
2020-09-30,Coop_03,38176926.91594957,38145751.334474176,-0.0008166079355739
2020-10-31,Coop_03,38145751.334474176,39117151.5943806,0.0254654902819681
2020-11-30,Coop_03,39117151.5943806,40236716.94683972,0.0286208301685225
2020-12-31,Coop_03,40236716.94683972,41508159.280466765,0.0315990575301374
2021-01-31,Coop_03,41508159.280466765,42177771.15943206,0.0161320542893938
2021-02-28,Coop_03,42177771.15943206,42716989.82976897,0.0127844278043678
2021-03-31,Coop_03,42716989.82976897,43123301.0280968,0.0095117001442989
2021-04-30,Coop_03,43123301.0280968,42512684.288992256,-0.0141597865781819
2021-05-31,Coop_03,42512684.288992256,43252114.12805949,0.0173931580993744
2021-06-30,Coop_03,43252114.12805949,46582639.55782739,0.0770026043098606
2021-07-31,Coop_03,46582639.55782739,48836021.95962947,0.0483738668137245
2021-08-31,Coop_03,48836021.95962947,49648513.24364238,0.0166371307778623
2021-09-30,Coop_03,49648513.24364238,51433578.02039916,0.0359540429337098
2021-10-31,Coop_03,51433578.02039916,50177510.54649133,-0.0244211568055727
2021-11-30,Coop_03,50177510.54649133,50021060.812000684,-0.0031179253969901
2021-12-31,Coop_03,50021060.812000684,51980623.09125285,0.0391747445464419
2022-01-31,Coop_03,51980623.09125285,54998142.5372893,0.0580508517710367
2022-02-28,Coop_03,54998142.5372893,53844264.12616037,-0.0209803160233382
2022-03-31,Coop_03,53844264.12616037,53255983.7277857,-0.0109255908298104
2022-04-30,Coop_03,53255983.7277857,57641515.61255675,0.0823481527857488
2022-05-31,Coop_03,57641515.61255675,58181567.25783258,0.0093691437419141
2022-06-30,Coop_03,58181567.25783258,62243668.66513103,0.0698176690445134
2022-07-31,Coop_03,62243668.66513103,63067775.21823335,0.0132400061046526
2022-08-31,Coop_03,63067775.21823335,63989593.36435291,0.0146163098813902
2022-09-30,Coop_03,63989593.36435291,63689342.6058135,-0.0046921810680964
2022-10-31,Coop_03,63689342.6058135,51688316.44006588,-0.1884306804676012
2022-11-30,Coop_03,51688316.44006588,50126033.04113694,-0.0302250780549303
2022-12-31,Coop_03,50126033.04113694,49808446.05847486,-0.0063357693277153
2023-01-31,Coop_03,49808446.05847486,51702549.11104538,0.0380277483530976
2023-02-28,Coop_03,51702549.11104538,51778334.58745569,0.0014657976775484
2023-03-31,Coop_03,51778334.58745569,51194870.86951988,-0.0112684913986623
2023-04-30,Coop_03,51194870.86951988,53310958.40190084,0.0413339753854292
2023-05-31,Coop_03,53310958.40190084,55689739.3286328,0.0446208621649379
2023-06-30,Coop_03,55689739.3286328,55147461.98587965,-0.0097374731735247
2023-07-31,Coop_03,55147461.98587965,55888248.38382003,0.0134328284795781
2023-08-31,Coop_03,55888248.38382003,53859693.98955508,-0.0362966178566481
2023-09-30,Coop_03,53859693.98955508,52494790.68007693,-0.0253418318667544
2023-10-31,Coop_03,52494790.68007693,53037890.39962786,0.0103457831246682
2023-11-30,Coop_03,53037890.39962786,53414418.98353687,0.0070992375652945
2023-12-31,Coop_03,53414418.98353687,51927326.134027824,-0.0278406632105722
2024-01-31,Coop_03,51927326.134027824,50937638.688588016,-0.0190590873653952
2024-02-29,Coop_03,50937638.688588016,49344484.935075656,-0.0312765529484445
2024-03-31,Coop_03,49344484.935075656,50426466.14357651,0.0219270949919622
2024-04-30,Coop_03,50426466.14357651,47256286.74372143,-0.0628673718842165
2024-05-31,Coop_03,47256286.74372143,45866706.0373607,-0.0294052030346069
2024-06-30,Coop_03,45866706.0373607,43151261.541712485,-0.0592029541741312
2024-07-31,Coop_03,43151261.541712485,44043013.47935823,0.0206657211350293
2024-08-31,Coop_03,44043013.47935823,41528347.92866811,-0.0570956742519146
2024-09-30,Coop_03,41528347.92866811,41823636.15810999,0.007110521948744
2024-10-31,Coop_03,41823636.15810999,44474557.93180727,0.0633833405511598
2024-11-30,Coop_03,44474557.93180727,47346288.55847619,0.0645701893444816
2024-12-31,Coop_03,47346288.55847619,44637760.55901736,-0.0572067649212586
2025-01-31,Coop_03,44637760.55901736,45371798.894485466,0.0164443360570834
2025-02-28,Coop_03,45371798.894485466,44073530.45083964,-0.0286139953733159
2025-03-31,Coop_03,44073530.45083964,42497471.524479225,-0.0357597612498589
2025-04-30,Coop_03,42497471.524479225,42583679.83818094,0.0020285515963474
2025-05-31,Coop_03,42583679.83818094,44669862.42533184,0.0489901904926593
2025-06-30,Coop_03,44669862.42533184,45875415.37935818,0.0269880605977126
2025-07-31,Coop_03,45875415.37935818,45002409.32142171,-0.0190299324969007
2025-08-31,Coop_03,45002409.32142171,46382911.77614395,0.0306761899093501
2025-09-30,Coop_03,46382911.77614395,43018768.85048347,-0.0725297916158587
2025-10-31,Coop_03,43018768.85048347,42143203.41949539,-0.0203531029451634
2025-11-30,Coop_03,42143203.41949539,41180812.62627421,-0.0228362040645437
2025-12-31,Coop_03,41180812.62627421,41540783.342626,0.0087412242108626
2026-01-31,Coop_03,41540783.342626,41495130.90538384,-0.0010989787281
2026-02-28,Coop_03,41495130.90538384,41538639.036598176,0.0010485117233041
2026-03-31,Coop_03,41538639.036598176,41533854.468537465,-0.0001151835537147
2026-04-30,Coop_03,41533854.468537465,41815630.66336857,0.006784253434618
2026-05-31,Coop_03,41815630.66336857,42857031.54319484,0.0249045838435377
2026-06-30,Coop_03,42857031.54319484,43338169.68981567,0.0112265859135834
2026-07-31,Coop_03,43338169.68981567,43166883.653168015,-0.0039523135811595
2020-01-31,Coop_04,44017482.79804783,45554323.45534904,0.0349143240278466
2020-02-29,Coop_04,45554323.45534904,44941120.98143768,-0.013460906175292
2020-03-31,Coop_04,44941120.98143768,33567813.505021214,-0.2530712903470755
2020-04-30,Coop_04,33567813.505021214,32473616.119619988,-0.0325966237043575
2020-05-31,Coop_04,32473616.119619988,34719640.03793848,0.0691645768689579
2020-06-30,Coop_04,34719640.03793848,33300633.624437064,-0.0408704241158851
2020-07-31,Coop_04,33300633.624437064,33097907.31272356,-0.0060877613921657
2020-08-31,Coop_04,33097907.31272356,32195769.24098712,-0.0272566498906604
2020-09-30,Coop_04,32195769.24098712,34854413.60118968,0.0825774448904282
2020-10-31,Coop_04,34854413.60118968,34449501.12959049,-0.0116172510096503
2020-11-30,Coop_04,34449501.12959049,34052317.6568029,-0.0115294404784987
2020-12-31,Coop_04,34052317.6568029,33814761.67752844,-0.0069762058978972
2021-01-31,Coop_04,33814761.67752844,34130797.76335589,0.0093460982762882
2021-02-28,Coop_04,34130797.76335589,33943233.25228709,-0.0054954622616578
2021-03-31,Coop_04,33943233.25228709,33989021.37861009,0.0013489618382159
2021-04-30,Coop_04,33989021.37861009,29994551.76787929,-0.1175223483558308
2021-05-31,Coop_04,29994551.76787929,30234526.00658658,0.008000594260064
2021-06-30,Coop_04,30234526.00658658,30434776.27924106,0.0066232317520325
2021-07-31,Coop_04,30434776.27924106,31723686.251911137,0.0423499079094337
2021-08-31,Coop_04,31723686.251911137,33367516.72769718,0.051817133189779
2021-09-30,Coop_04,33367516.72769718,33348504.512318857,-0.0005697821487129
2021-10-31,Coop_04,33348504.512318857,34501296.211857915,0.0345680178585885
2021-11-30,Coop_04,34501296.211857915,33378109.71141392,-0.0325549073155682
2021-12-31,Coop_04,33378109.71141392,34474813.661207736,0.0328569819943635
2022-01-31,Coop_04,34474813.661207736,33990902.665649936,-0.0140366529697102
2022-02-28,Coop_04,33990902.665649936,32785435.310183063,-0.0354644113845519
2022-03-31,Coop_04,32785435.310183063,32769186.72591952,-0.0004956037371417
2022-04-30,Coop_04,32769186.72591952,34572033.855710566,0.0550165356519222
2022-05-31,Coop_04,34572033.855710566,34998486.59288237,0.0123351937855795
2022-06-30,Coop_04,34998486.59288237,37041596.22549219,0.0583770851687432
2022-07-31,Coop_04,37041596.22549219,36293146.88253577,-0.0202056449835531
2022-08-31,Coop_04,36293146.88253577,37841949.25552455,0.0426747886591795
2022-09-30,Coop_04,37841949.25552455,37205235.70481164,-0.0168256013032931
2022-10-31,Coop_04,37205235.70481164,31428351.9265151,-0.1552707211460949
2022-11-30,Coop_04,31428351.9265151,32344557.863432925,0.029152210687346
2022-12-31,Coop_04,32344557.863432925,32822478.51774375,0.0147759216968966
2023-01-31,Coop_04,32822478.51774375,32170247.98738454,-0.0198714588237636
2023-02-28,Coop_04,32170247.98738454,33354458.72869312,0.0368107433232395
2023-03-31,Coop_04,33354458.72869312,35576131.87533463,0.0666079808013889
2023-04-30,Coop_04,35576131.87533463,35062657.3027057,-0.0144331197789641
2023-05-31,Coop_04,35062657.3027057,33020849.27866555,-0.0582331226755761
2023-06-30,Coop_04,33020849.27866555,33796052.841635,0.0234761848923826
2023-07-31,Coop_04,33796052.841635,33607088.505272314,-0.0055913137918252
2023-08-31,Coop_04,33607088.505272314,33654521.55138552,0.0014114000415646
2023-09-30,Coop_04,33654521.55138552,34511575.0500266,0.0254662214505853
2023-10-31,Coop_04,34511575.0500266,34167365.744530104,-0.009973735043896
2023-11-30,Coop_04,34167365.744530104,34050861.211735986,-0.0034098189970284
2023-12-31,Coop_04,34050861.211735986,34135845.92685363,0.0024958169072196
2024-01-31,Coop_04,34135845.92685363,36096656.29162525,0.0574413878294754
2024-02-29,Coop_04,36096656.29162525,36351225.65513296,0.0070524361439754
2024-03-31,Coop_04,36351225.65513296,34997194.28803358,-0.0372485753285236
2024-04-30,Coop_04,34997194.28803358,33742343.74953369,-0.035855746839939
2024-05-31,Coop_04,33742343.74953369,34109225.84772095,0.0108730472580859
2024-06-30,Coop_04,34109225.84772095,32965544.18640648,-0.0335299800241842
2024-07-31,Coop_04,32965544.18640648,31360760.98944778,-0.0486806220423456
2024-08-31,Coop_04,31360760.98944778,32246506.786300037,0.0282437596826903
2024-09-30,Coop_04,32246506.786300037,33212529.710783865,0.0299574441004024
2024-10-31,Coop_04,33212529.710783865,32983868.794113457,-0.0068847786862848
2024-11-30,Coop_04,32983868.794113457,33520782.690411348,0.0162780751903097
2024-12-31,Coop_04,33520782.690411348,33942616.85295922,0.0125842575468424
2025-01-31,Coop_04,33942616.85295922,34861941.718173005,0.0270846785089179
2025-02-28,Coop_04,34861941.718173005,35809009.82516474,0.0271662466378929
2025-03-31,Coop_04,35809009.82516474,32757989.064458467,-0.085202600563453
2025-04-30,Coop_04,32757989.064458467,32678797.82002592,-0.0024174635468837
2025-05-31,Coop_04,32678797.82002592,33467227.625892702,0.0241266465862346
2025-06-30,Coop_04,33467227.625892702,33187241.445948284,-0.0083659806863655
2025-07-31,Coop_04,33187241.445948284,33428416.195177343,0.0072670923740938
2025-08-31,Coop_04,33428416.195177343,34507301.59223205,0.0322744993587327
2025-09-30,Coop_04,34507301.59223205,34812083.301844336,0.0088323831638257
2025-10-31,Coop_04,34812083.301844336,36858239.37443911,0.0587771796032204
2025-11-30,Coop_04,36858239.37443911,38533244.32772554,0.0454445188298393
2025-12-31,Coop_04,38533244.32772554,38604540.64206836,0.0018502546459997
2026-01-31,Coop_04,38604540.64206836,38568576.03528449,-0.0009316159753672
2026-02-28,Coop_04,38568576.03528449,34952334.52231299,-0.0937613436820477
2026-03-31,Coop_04,34952334.52231299,34762628.03916729,-0.0054275768911685
2026-04-30,Coop_04,34762628.03916729,33324692.397002783,-0.0413644112448684
2026-05-31,Coop_04,33324692.397002783,33782674.77665532,0.0137430339700217
2026-06-30,Coop_04,33782674.77665532,34166124.17839776,0.0113504748892002
2026-07-31,Coop_04,34166124.17839776,35203235.21944138,0.0303549514609372
2020-01-31,Coop_05,53966704.71948191,54240886.33839983,0.005080569961481
2020-02-29,Coop_05,54240886.33839983,58895544.7257043,0.0858145709173119
2020-03-31,Coop_05,58895544.7257043,49976885.966336526,-0.1514318069542418
2020-04-30,Coop_05,49976885.966336526,49293576.211880326,-0.0136725156288541
2020-05-31,Coop_05,49293576.211880326,48946247.04337434,-0.0070461345107738
2020-06-30,Coop_05,48946247.04337434,50254308.58938508,0.0267244502903682
2020-07-31,Coop_05,50254308.58938508,48889715.83301283,-0.0271537465080254
2020-08-31,Coop_05,48889715.83301283,48673175.65976342,-0.0044291558983288
2020-09-30,Coop_05,48673175.65976342,48690872.74808001,0.000363590172137
2020-10-31,Coop_05,48690872.74808001,48219339.22182219,-0.0096842282679439
2020-11-30,Coop_05,48219339.22182219,49878062.23101877,0.03439953835879
2020-12-31,Coop_05,49878062.23101877,51296905.988743424,0.0284462485962874
2021-01-31,Coop_05,51296905.988743424,53699132.38774038,0.0468298497286386
2021-02-28,Coop_05,53699132.38774038,53399175.40622101,-0.005585881338892
2021-03-31,Coop_05,53399175.40622101,55967059.776705965,0.0480884648676765
2021-04-30,Coop_05,55967059.776705965,53631000.409751646,-0.0417398980091966
2021-05-31,Coop_05,53631000.409751646,51346671.04667536,-0.042593450534645
2021-06-30,Coop_05,51346671.04667536,49473387.41674852,-0.0364830590131924
2021-07-31,Coop_05,49473387.41674852,49786178.41859132,0.0063224092421232
2021-08-31,Coop_05,49786178.41859132,52180058.88945212,0.0480832340802215
2021-09-30,Coop_05,52180058.88945212,51393445.91982308,-0.0150749728223869
2021-10-31,Coop_05,51393445.91982308,50844344.509848855,-0.0106842691737552
2021-11-30,Coop_05,50844344.509848855,50764995.38000581,-0.0015606284358268
2021-12-31,Coop_05,50764995.38000581,52087371.94859175,0.0260489843185678
2022-01-31,Coop_05,52087371.94859175,51529157.54130719,-0.0107168856174101
2022-02-28,Coop_05,51529157.54130719,50876304.06046609,-0.0126695935270774
2022-03-31,Coop_05,50876304.06046609,48785856.0373255,-0.0410888342175191
2022-04-30,Coop_05,48785856.0373255,48102354.539730914,-0.0140102388911992
2022-05-31,Coop_05,48102354.539730914,50373322.56135269,0.0472111613527366
2022-06-30,Coop_05,50373322.56135269,50835871.07712139,0.0091824102967465
2022-07-31,Coop_05,50835871.07712139,49824496.10612648,-0.0198949078586769
2022-08-31,Coop_05,49824496.10612648,52279101.85221779,0.0492650390455126
2022-09-30,Coop_05,52279101.85221779,51521971.19354869,-0.0144824725721065
2022-10-31,Coop_05,51521971.19354869,40214623.45664516,-0.2194665203011365
2022-11-30,Coop_05,40214623.45664516,40534748.22361984,0.0079604069231134
2022-12-31,Coop_05,40534748.22361984,38651940.2402193,-0.0464492334580091
2023-01-31,Coop_05,38651940.2402193,41981129.31541075,0.0861325215371014
2023-02-28,Coop_05,41981129.31541075,42802056.10826136,0.0195546619692589
2023-03-31,Coop_05,42802056.10826136,42573662.373741925,-0.0053360458652206
2023-04-30,Coop_05,42573662.373741925,44253809.69402538,0.0394644770171268
2023-05-31,Coop_05,44253809.69402538,45607117.638144456,0.0305805975457471
2023-06-30,Coop_05,45607117.638144456,47973344.527860224,0.0518828422460253
2023-07-31,Coop_05,47973344.527860224,47149058.241801135,-0.0171821726037964
2023-08-31,Coop_05,47149058.241801135,47957502.84330972,0.0171465694471038
2023-09-30,Coop_05,47957502.84330972,46254749.73751271,-0.0355054580585727
2023-10-31,Coop_05,46254749.73751271,47611017.81101555,0.0293217038509431
2023-11-30,Coop_05,47611017.81101555,47858448.083811626,0.0051969120630484
2023-12-31,Coop_05,47858448.083811626,48616302.112582006,0.0158353239420383
2024-01-31,Coop_05,48616302.112582006,48658975.541666254,0.0008777596655835
2024-02-29,Coop_05,48658975.541666254,48523479.33403783,-0.0027846087205926
2024-03-31,Coop_05,48523479.33403783,47340084.30001059,-0.0243880910905149
2024-04-30,Coop_05,47340084.30001059,48933790.9606856,0.0336650575139481
2024-05-31,Coop_05,48933790.9606856,51778784.01390154,0.0581396412859502
2024-06-30,Coop_05,51778784.01390154,51080630.34266671,-0.0134833925618529
2024-07-31,Coop_05,51080630.34266671,52376746.05171696,0.0253739176739882
2024-08-31,Coop_05,52376746.05171696,53483279.54650616,0.0211264268631083
2024-09-30,Coop_05,53483279.54650616,53819337.6365682,0.0062834233972099
2024-10-31,Coop_05,53819337.6365682,51266640.6700901,-0.047430850667765
2024-11-30,Coop_05,51266640.6700901,49238742.18473217,-0.0395559072888707
2024-12-31,Coop_05,49238742.18473217,48188264.72481172,-0.0213343682903049
2025-01-31,Coop_05,48188264.72481172,44869771.90781184,-0.0688651653250176
2025-02-28,Coop_05,44869771.90781184,47350221.15841063,0.0552810755466965
2025-03-31,Coop_05,47350221.15841063,48243701.50814234,0.0188696130212899
2025-04-30,Coop_05,48243701.50814234,48482573.601536855,0.0049513633060307
2025-05-31,Coop_05,48482573.601536855,45056879.61721295,-0.070658253674374
2025-06-30,Coop_05,45056879.61721295,42450993.36059632,-0.0578354799257139
2025-07-31,Coop_05,42450993.36059632,42702220.52185663,0.0059180514134564
2025-08-31,Coop_05,42702220.52185663,45903484.24146485,0.0749671487919391
2025-09-30,Coop_05,45903484.24146485,45056448.04766586,-0.0184525468555577
2025-10-31,Coop_05,45056448.04766586,46688975.19855365,0.0362329305044353
2025-11-30,Coop_05,46688975.19855365,46184893.74340678,-0.0107965842686236
2025-12-31,Coop_05,46184893.74340678,46551295.78209245,0.0079333740751104
2026-01-31,Coop_05,46551295.78209245,48809682.30638909,0.0485139347112525
2026-02-28,Coop_05,48809682.30638909,48511537.7795642,-0.006108307055829
2026-03-31,Coop_05,48511537.7795642,47630875.2450824,-0.0181536717818247
2026-04-30,Coop_05,47630875.2450824,50280698.45438136,0.0556324693943668
2026-05-31,Coop_05,50280698.45438136,50662556.41240544,0.0075945237389758
2026-06-30,Coop_05,50662556.41240544,52901445.13195626,0.0441921781705157
2026-07-31,Coop_05,52901445.13195626,51950080.817018665,-0.0179837112684641
2020-01-31,Coop_06,54066742.08960976,54908937.27698052,0.0155769546087114
2020-02-29,Coop_06,54908937.27698052,56073971.32802437,0.0212175669175129
2020-03-31,Coop_06,56073971.32802437,43031955.63048893,-0.2325859108719372
2020-04-30,Coop_06,43031955.63048893,43287612.85234247,0.005941101632676
2020-05-31,Coop_06,43287612.85234247,42876784.90885568,-0.0094906583296277
2020-06-30,Coop_06,42876784.90885568,44574024.37314441,0.0395841121925674
2020-07-31,Coop_06,44574024.37314441,44524680.89039117,-0.0011070008474031
2020-08-31,Coop_06,44524680.89039117,42459726.23886447,-0.0463777529727863
2020-09-30,Coop_06,42459726.23886447,40218709.075363286,-0.0527798307246248
2020-10-31,Coop_06,40218709.075363286,38029398.20399912,-0.0544351353312149
2020-11-30,Coop_06,38029398.20399912,39080111.55383372,0.0276289765143879
2020-12-31,Coop_06,39080111.55383372,37739560.13014491,-0.0343026508980706
2021-01-31,Coop_06,37739560.13014491,38362376.1722769,0.0165030021543496
2021-02-28,Coop_06,38362376.1722769,38775926.73485491,0.0107801081121994
2021-03-31,Coop_06,38775926.73485491,38920762.54452724,0.0037351991781577
2021-04-30,Coop_06,38920762.54452724,39751494.38846397,0.0213441821183829
2021-05-31,Coop_06,39751494.38846397,40210251.43061623,0.0115406237981683
2021-06-30,Coop_06,40210251.43061623,36637950.93988149,-0.0888405409973333
2021-07-31,Coop_06,36637950.93988149,36442784.84612178,-0.005326883429697
2021-08-31,Coop_06,36442784.84612178,37203659.52702151,0.0208786096922199
2021-09-30,Coop_06,37203659.52702151,39562739.79686105,0.0634098983764249
2021-10-31,Coop_06,39562739.79686105,42135347.17085729,0.0650260165803873
2021-11-30,Coop_06,42135347.17085729,40377870.549120784,-0.0417102679754838
2021-12-31,Coop_06,40377870.549120784,40125897.07219638,-0.006240385475947
2022-01-31,Coop_06,40125897.07219638,38167190.79099644,-0.0488140184797798
2022-02-28,Coop_06,38167190.79099644,40426534.96321642,0.0591959776288528
2022-03-31,Coop_06,40426534.96321642,42102213.51489572,0.0414499672851994
2022-04-30,Coop_06,42102213.51489572,42871445.20838082,0.018270576040211
2022-05-31,Coop_06,42871445.20838082,43377899.31566798,0.0118133201441073
2022-06-30,Coop_06,43377899.31566798,45734277.40176837,0.0543220885122315
2022-07-31,Coop_06,45734277.40176837,47947650.95301087,0.0483963818166049
2022-08-31,Coop_06,47947650.95301087,50178730.1603428,0.0465315643829643
2022-09-30,Coop_06,50178730.1603428,51281849.08218356,0.021983795092379
2022-10-31,Coop_06,51281849.08218356,40278847.72903799,-0.2145593723719343
2022-11-30,Coop_06,40278847.72903799,41670943.78289218,0.0345614666839288
2022-12-31,Coop_06,41670943.78289218,41642927.93084976,-0.0006723114357185
2023-01-31,Coop_06,41642927.93084976,41380839.32898674,-0.0062937121591985
2023-02-28,Coop_06,41380839.32898674,43270535.266055554,0.0456659644345373
2023-03-31,Coop_06,43270535.266055554,46050410.29464831,0.064244063806936
2023-04-30,Coop_06,46050410.29464831,45118863.34496907,-0.0202288523320169
2023-05-31,Coop_06,45118863.34496907,44973662.55706626,-0.0032181836406789
2023-06-30,Coop_06,44973662.55706626,45795900.6340292,0.0182826576759145
2023-07-31,Coop_06,45795900.6340292,46850624.41506635,0.0230309649212012
2023-08-31,Coop_06,46850624.41506635,46275166.507920966,-0.0122828225734452
2023-09-30,Coop_06,46275166.507920966,49603425.58462811,0.0719232220620415
2023-10-31,Coop_06,49603425.58462811,50633854.12642916,0.020773334294081
2023-11-30,Coop_06,50633854.12642916,51879366.90082733,0.0245984192964693
2023-12-31,Coop_06,51879366.90082733,55384385.84325935,0.0675609428529113
2024-01-31,Coop_06,55384385.84325935,54846207.07712074,-0.0097171568835606
2024-02-29,Coop_06,54846207.07712074,55005528.96431847,0.0029048843245203
2024-03-31,Coop_06,55005528.96431847,52922674.31215181,-0.0378662780157569
2024-04-30,Coop_06,52922674.31215181,52920966.68115296,-3.22665288752759e-05
2024-05-31,Coop_06,52920966.68115296,50480650.54527066,-0.0461124633377376
2024-06-30,Coop_06,50480650.54527066,52104851.71537589,0.0321747273967609
2024-07-31,Coop_06,52104851.71537589,53183416.21908493,0.0206998862524497
2024-08-31,Coop_06,53183416.21908493,52986774.4866777,-0.0036974257463489
2024-09-30,Coop_06,52986774.4866777,53118455.64102365,0.0024851702263752
2024-10-31,Coop_06,53118455.64102365,54852843.574776895,0.0326513245316147
2024-11-30,Coop_06,54852843.574776895,53001403.05818002,-0.0337528630411464
2024-12-31,Coop_06,53001403.05818002,53698152.896732405,0.0131458753608382
2025-01-31,Coop_06,53698152.896732405,55335025.27301228,0.0304828432260559
2025-02-28,Coop_06,55335025.27301228,52215259.08556361,-0.0563795927092533
2025-03-31,Coop_06,52215259.08556361,53780298.1799618,0.0299728301995707
2025-04-30,Coop_06,53780298.1799618,50951874.72342848,-0.0525921862141547
2025-05-31,Coop_06,50951874.72342848,51047877.89244112,0.0018841930651963
2025-06-30,Coop_06,51047877.89244112,49275562.51399057,-0.0347186886433329
2025-07-31,Coop_06,49275562.51399057,52039607.69925042,0.0560936302751504
2025-08-31,Coop_06,52039607.69925042,50244280.94529383,-0.0344992368953321
2025-09-30,Coop_06,50244280.94529383,47643805.471890844,-0.0517566462187884
2025-10-31,Coop_06,47643805.471890844,48152037.42699381,0.010667324955871
2025-11-30,Coop_06,48152037.42699381,47743727.20333902,-0.0084796043007288
2025-12-31,Coop_06,47743727.20333902,45515948.41104736,-0.0466611830032376
2026-01-31,Coop_06,45515948.41104736,46626698.31326033,0.0244035319704197
2026-02-28,Coop_06,46626698.31326033,43656462.59398052,-0.0637024671857388
2026-03-31,Coop_06,43656462.59398052,42335049.83551703,-0.0302684340404092
2026-04-30,Coop_06,42335049.83551703,41736743.8394704,-0.0141326394647274
2026-05-31,Coop_06,41736743.8394704,43159039.56943553,0.0340777837254297
2026-06-30,Coop_06,43159039.56943553,45374884.774802685,0.0513413928454603
2026-07-31,Coop_06,45374884.774802685,47398485.69259803,0.044597378656465
2020-01-31,Coop_07,38467262.09537767,35430049.08259171,-0.0789557885678304
2020-02-29,Coop_07,35430049.08259171,36127307.33749212,0.0196798557426497
2020-03-31,Coop_07,36127307.33749212,28759457.090858407,-0.2039413061650326
2020-04-30,Coop_07,28759457.090858407,29398009.509737853,0.0222032153410301
2020-05-31,Coop_07,29398009.509737853,28350482.09157044,-0.0356325967518457
2020-06-30,Coop_07,28350482.09157044,27999340.246156823,-0.0123857451269945
2020-07-31,Coop_07,27999340.246156823,30062429.74395267,0.0736835039560985
2020-08-31,Coop_07,30062429.74395267,28752142.69884557,-0.0435855337132447
2020-09-30,Coop_07,28752142.69884557,27769554.23747971,-0.0341744429852635
2020-10-31,Coop_07,27769554.23747971,28852269.83766426,0.0389893042907849
2020-11-30,Coop_07,28852269.83766426,28589986.156095605,-0.0090905735681934
2020-12-31,Coop_07,28589986.156095605,27579003.3826018,-0.0353614292771617
2021-01-31,Coop_07,27579003.3826018,29219374.68362561,0.0594789912553055
2021-02-28,Coop_07,29219374.68362561,29866202.78987156,0.0221369592350799
2021-03-31,Coop_07,29866202.78987156,29646296.72158636,-0.0073630407532012
2021-04-30,Coop_07,29646296.72158636,28635295.175273743,-0.0341021192564829
2021-05-31,Coop_07,28635295.175273743,30859090.141822662,0.0776592297350977
2021-06-30,Coop_07,30859090.141822662,31017835.05191444,0.0051441863438687
2021-07-31,Coop_07,31017835.05191444,32720915.259654075,0.0549064821864321
2021-08-31,Coop_07,32720915.259654075,33940658.51323424,0.0372771740613304
2021-09-30,Coop_07,33940658.51323424,33525511.493493862,-0.0122315546582132
2021-10-31,Coop_07,33525511.493493862,33124783.09884219,-0.0119529390246423
2021-11-30,Coop_07,33124783.09884219,35000342.152469225,0.0566210214276872
2021-12-31,Coop_07,35000342.152469225,37001945.4519806,0.0571881066416992
2022-01-31,Coop_07,37001945.4519806,34793223.13486952,-0.0596920591642256
2022-02-28,Coop_07,34793223.13486952,35671484.42902125,0.0252423091343766
2022-03-31,Coop_07,35671484.42902125,35734176.41492108,0.0017574818346732
2022-04-30,Coop_07,35734176.41492108,34656208.1464782,-0.0301663107028477
2022-05-31,Coop_07,34656208.1464782,35181634.84525871,0.0151611133151019
2022-06-30,Coop_07,35181634.84525871,33730888.902221695,-0.0412358876845238
2022-07-31,Coop_07,33730888.902221695,33382585.854545537,-0.0103259374126134
2022-08-31,Coop_07,33382585.854545537,32649952.24188506,-0.0219465806469488
2022-09-30,Coop_07,32649952.24188506,32274716.323640205,-0.0114926942454599
2022-10-31,Coop_07,32274716.323640205,26612350.22044241,-0.1754427845753143
2022-11-30,Coop_07,26612350.22044241,28237334.016419176,0.0610612660105653
2022-12-31,Coop_07,28237334.016419176,28894273.14042941,0.0232649131687943
2023-01-31,Coop_07,28894273.14042941,30882479.58011454,0.0688097059933718
2023-02-28,Coop_07,30882479.58011454,30894746.13442692,0.0003972010822692
2023-03-31,Coop_07,30894746.13442692,30486699.181413297,-0.0132076486803988
2023-04-30,Coop_07,30486699.181413297,32545909.45212499,0.067544546507256
2023-05-31,Coop_07,32545909.45212499,32082713.11052272,-0.0142320908955895
2023-06-30,Coop_07,32082713.11052272,32075006.176487837,-0.0002402207696193
2023-07-31,Coop_07,32075006.176487837,33075799.593414053,0.031201659367406
2023-08-31,Coop_07,33075799.593414053,31841397.41343524,-0.0373204032904047
2023-09-30,Coop_07,31841397.41343524,32825147.3836961,0.0308953139677776
2023-10-31,Coop_07,32825147.3836961,33692294.13779277,0.0264171473157611
2023-11-30,Coop_07,33692294.13779277,35391274.77163526,0.050426386131324
2023-12-31,Coop_07,35391274.77163526,36706115.75504061,0.0371515576053549
2024-01-31,Coop_07,36706115.75504061,38596452.90606284,0.0514992423507149
2024-02-29,Coop_07,38596452.90606284,38678865.34460224,0.0021352334822055
2024-03-31,Coop_07,38678865.34460224,37743089.71837791,-0.024193461154747
2024-04-30,Coop_07,37743089.71837791,40756856.16427577,0.0798494894929175
2024-05-31,Coop_07,40756856.16427577,38823581.32496535,-0.0474343465432689
2024-06-30,Coop_07,38823581.32496535,37118140.6844077,-0.0439279577605832
2024-07-31,Coop_07,37118140.6844077,38075027.10244502,0.0257794814178092
2024-08-31,Coop_07,38075027.10244502,40468975.83895036,0.0628745116862072
2024-09-30,Coop_07,40468975.83895036,40980272.19510841,0.0126342796069957
2024-10-31,Coop_07,40980272.19510841,42659464.64495719,0.040975629489577
2024-11-30,Coop_07,42659464.64495719,39935525.77664547,-0.0638530954615185
2024-12-31,Coop_07,39935525.77664547,39476903.2563231,-0.0114840736763398
2025-01-31,Coop_07,39476903.2563231,37124546.70571128,-0.059588173250014
2025-02-28,Coop_07,37124546.70571128,38361328.09333985,0.0333143835380031
2025-03-31,Coop_07,38361328.09333985,36514111.36245478,-0.0481530964306155
2025-04-30,Coop_07,36514111.36245478,35100151.343051724,-0.0387236596111426
2025-05-31,Coop_07,35100151.343051724,35942234.93820013,0.0239908821736491
2025-06-30,Coop_07,35942234.93820013,37493640.259145655,0.0431638523206206
2025-07-31,Coop_07,37493640.259145655,37509991.84350872,0.0004361162119774
2025-08-31,Coop_07,37509991.84350872,38483602.60381739,0.0259560376437979
2025-09-30,Coop_07,38483602.60381739,39438865.132904574,0.0248225858405581
2025-10-31,Coop_07,39438865.132904574,39378131.64375752,-0.0015399400804864
2025-11-30,Coop_07,39378131.64375752,38105639.45205174,-0.0323146919010186
2025-12-31,Coop_07,38105639.45205174,39087667.47857484,0.0257711992409622
2026-01-31,Coop_07,39087667.47857484,40160950.300721005,0.0274583491771277
2026-02-28,Coop_07,40160950.300721005,41658586.43923022,0.037290854108159
2026-03-31,Coop_07,41658586.43923022,42363546.57144513,0.0169223248427614
2026-04-30,Coop_07,42363546.57144513,40885164.83325441,-0.0348974969717764
2026-05-31,Coop_07,40885164.83325441,42118339.31735474,0.0301619056479212
2026-06-30,Coop_07,42118339.31735474,42369013.44506001,0.0059516621920081
2026-07-31,Coop_07,42369013.44506001,41907368.70131643,-0.0108958105513169
2020-01-31,Coop_08,37053641.62806288,36380784.50365663,-0.0181590012436633
2020-02-29,Coop_08,36380784.50365663,37730858.399835736,0.0371095322599051
2020-03-31,Coop_08,37730858.399835736,27109882.584655084,-0.2814930872398835
2020-04-30,Coop_08,27109882.584655084,26960587.079646632,-0.0055070509635094
2020-05-31,Coop_08,26960587.079646632,28645119.06153255,0.0624812796883648
2020-06-30,Coop_08,28645119.06153255,29873989.490757536,0.0428998192182497
2020-07-31,Coop_08,29873989.490757536,28337587.2957746,-0.0514294281136529
2020-08-31,Coop_08,28337587.2957746,29847899.882853758,0.0532971481063371
2020-09-30,Coop_08,29847899.882853758,31436694.86592585,0.053229707594429
2020-10-31,Coop_08,31436694.86592585,30333572.082088348,-0.0350902914107925
2020-11-30,Coop_08,30333572.082088348,27838604.24747185,-0.0822510394708755
2020-12-31,Coop_08,27838604.24747185,27935266.65226445,0.0034722432178464
2021-01-31,Coop_08,27935266.65226445,29200311.133156065,0.0452848543254937
2021-02-28,Coop_08,29200311.133156065,31001800.061393365,0.061694168943007
2021-03-31,Coop_08,31001800.061393365,30242908.415940907,-0.0244789542526438
2021-04-30,Coop_08,30242908.415940907,32278838.8927503,0.0673192686632038
2021-05-31,Coop_08,32278838.8927503,29955484.44570908,-0.0719776338535845
2021-06-30,Coop_08,29955484.44570908,29749337.64706044,-0.006881771484025
2021-07-31,Coop_08,29749337.64706044,29493422.73554687,-0.008602373422551
2021-08-31,Coop_08,29493422.73554687,30859905.97730717,0.0463317958723506
2021-09-30,Coop_08,30859905.97730717,32447357.634186283,0.0514405863078923
2021-10-31,Coop_08,32447357.634186283,33725713.047371075,0.0393978279401687
2021-11-30,Coop_08,33725713.047371075,32333878.10665121,-0.0412692517061062
2021-12-31,Coop_08,32333878.10665121,33504095.027224343,0.0361916661129621
2022-01-31,Coop_08,33504095.027224343,34302044.26448875,0.0238164689007722
2022-02-28,Coop_08,34302044.26448875,32501420.07496881,-0.0524932034847857
2022-03-31,Coop_08,32501420.07496881,30345097.62914576,-0.0663454840080591
2022-04-30,Coop_08,30345097.62914576,31629594.236949723,0.0423296251507272
2022-05-31,Coop_08,31629594.236949723,31619995.42893981,-0.0003034755342735
2022-06-30,Coop_08,31619995.42893981,30387404.5854062,-0.0389813732359207
2022-07-31,Coop_08,30387404.5854062,30348325.85118372,-0.0012860175048069
2022-08-31,Coop_08,30348325.85118372,30917097.11364024,0.018741437838962
2022-09-30,Coop_08,30917097.11364024,31012946.62480165,0.0031002105666358
2022-10-31,Coop_08,31012946.62480165,22896663.8100299,-0.2617062774770651
2022-11-30,Coop_08,22896663.8100299,23838807.23586682,0.0411476289145762
2022-12-31,Coop_08,23838807.23586682,23702015.13452252,-0.0057382108085714
2023-01-31,Coop_08,23702015.13452252,23599425.395318706,-0.00432831295658
2023-02-28,Coop_08,23599425.395318706,24037951.306013808,0.0185820588149612
2023-03-31,Coop_08,24037951.306013808,23231796.57017358,-0.0335367488509115
2023-04-30,Coop_08,23231796.57017358,23633559.716201164,0.017293675278794
2023-05-31,Coop_08,23633559.716201164,22674613.016549155,-0.0405756352901267
2023-06-30,Coop_08,22674613.016549155,22754683.932149816,0.0035313024104191
2023-07-31,Coop_08,22754683.932149816,21960545.40614508,-0.03490000249499
2023-08-31,Coop_08,21960545.40614508,21232927.98642002,-0.033132939381435
2023-09-30,Coop_08,21232927.98642002,22583348.395258784,0.0636002914766373
2023-10-31,Coop_08,22583348.395258784,22765661.65079305,0.0080729062999593
2023-11-30,Coop_08,22765661.65079305,23067516.72617661,0.0132592269890408
2023-12-31,Coop_08,23067516.72617661,21582007.97594708,-0.0643982951378464
2024-01-31,Coop_08,21582007.97594708,21260542.638810813,-0.0148950615482367
2024-02-29,Coop_08,21260542.638810813,21731302.59167743,0.0221424241546522
2024-03-31,Coop_08,21731302.59167743,22009349.595103823,0.0127947693081627
2024-04-30,Coop_08,22009349.595103823,20482097.8544986,-0.0693910437473797
2024-05-31,Coop_08,20482097.8544986,20753482.109367747,0.0132498270829978
2024-06-30,Coop_08,20753482.109367747,21144261.00702644,0.018829558124239
2024-07-31,Coop_08,21144261.00702644,22221173.529697128,0.0509316699369544
2024-08-31,Coop_08,22221173.529697128,21844900.417015783,-0.0169330891628419
2024-09-30,Coop_08,21844900.417015783,20261747.94233644,-0.0724724052047484
2024-10-31,Coop_08,20261747.94233644,19676447.30946253,-0.0288869763131805
2024-11-30,Coop_08,19676447.30946253,19038984.008187037,-0.0323972763603994
2024-12-31,Coop_08,19038984.008187037,19644134.511232138,0.0317848107222991
2025-01-31,Coop_08,19644134.511232138,17894121.45420871,-0.089085780593836
2025-02-28,Coop_08,17894121.45420871,17720683.10963781,-0.0096924761025417
2025-03-31,Coop_08,17720683.10963781,18711319.650120284,0.0559028415752038
2025-04-30,Coop_08,18711319.650120284,18828310.98243507,0.006252436199177
2025-05-31,Coop_08,18828310.98243507,19531945.45971113,0.0373710885661748
2025-06-30,Coop_08,19531945.45971113,18526774.089732643,-0.0514629416742881
2025-07-31,Coop_08,18526774.089732643,17599145.31108574,-0.0500696329622212
2025-08-31,Coop_08,17599145.31108574,18590038.543153062,0.0563034860245831
2025-09-30,Coop_08,18590038.543153062,18767434.688682515,0.0095425378015039
2025-10-31,Coop_08,18767434.688682515,18947876.11648675,0.00961460267732
2025-11-30,Coop_08,18947876.11648675,18320031.6288662,-0.0331353489837449
2025-12-31,Coop_08,18320031.6288662,18494573.174808696,0.0095273605132581
2026-01-31,Coop_08,18494573.174808696,17863763.696457557,-0.0341078148919034
2026-02-28,Coop_08,17863763.696457557,18713015.34195087,0.0475404657116978
2026-03-31,Coop_08,18713015.34195087,20611901.26134285,0.1014740748453859
2026-04-30,Coop_08,20611901.26134285,21084695.751417007,0.0229379368782865
2026-05-31,Coop_08,21084695.751417007,20742636.12846836,-0.0162231234911541
2026-06-30,Coop_08,20742636.12846836,19027675.5964232,-0.082678041567313
2026-07-31,Coop_08,19027675.5964232,18020041.364615265,-0.0529562440089818
2020-01-31,Coop_09,55548618.31027136,53880953.54968616,-0.0300217145144875
2020-02-29,Coop_09,53880953.54968616,53504906.47476787,-0.0069792208590279
2020-03-31,Coop_09,53504906.47476787,40090571.6909311,-0.2507122368331356
2020-04-30,Coop_09,40090571.6909311,40051060.7390745,-0.0009855422407342
2020-05-31,Coop_09,40051060.7390745,39724110.29534596,-0.0081633404383111
2020-06-30,Coop_09,39724110.29534596,40062032.81437889,0.0085067359978739
2020-07-31,Coop_09,40062032.81437889,39422349.37306407,-0.0159673235823725
2020-08-31,Coop_09,39422349.37306407,38867137.93048087,-0.0140836721152534
2020-09-30,Coop_09,38867137.93048087,39660641.80492916,0.0204158041136854
2020-10-31,Coop_09,39660641.80492916,40155812.97390012,0.012485203124207
2020-11-30,Coop_09,40155812.97390012,43392619.8925954,0.0806061857295503
2020-12-31,Coop_09,43392619.8925954,44319473.60812115,0.0213597085822401
2021-01-31,Coop_09,44319473.60812115,46371026.21559465,0.046290094183284
2021-02-28,Coop_09,46371026.21559465,44910571.617391,-0.0314949811853096
2021-03-31,Coop_09,44910571.617391,46005514.04004583,0.0243805051510595
2021-04-30,Coop_09,46005514.04004583,45117407.62707499,-0.0193043471310369
2021-05-31,Coop_09,45117407.62707499,46012575.98555371,0.0198408642153795
2021-06-30,Coop_09,46012575.98555371,47397463.00066931,0.0300980109340194
2021-07-31,Coop_09,47397463.00066931,47764575.76276893,0.0077454095400515
2021-08-31,Coop_09,47764575.76276893,52075634.430662125,0.0902564002516177
2021-09-30,Coop_09,52075634.430662125,54990791.57231265,0.0559792919187957
2021-10-31,Coop_09,54990791.57231265,57586554.16719442,0.0472035866490182
2021-11-30,Coop_09,57586554.16719442,59472514.77976299,0.0327500167329504
2021-12-31,Coop_09,59472514.77976299,63499852.44874925,0.0677176286205516
2022-01-31,Coop_09,63499852.44874925,60687194.720748015,-0.0442939254114225
2022-02-28,Coop_09,60687194.720748015,63961870.23321417,0.05395990912967
2022-03-31,Coop_09,63961870.23321417,62126577.05274008,-0.0286935509199833
2022-04-30,Coop_09,62126577.05274008,61272220.49329641,-0.0137518691673354
2022-05-31,Coop_09,61272220.49329641,62843775.47280978,0.0256487355421583
2022-06-30,Coop_09,62843775.47280978,65933345.51729305,0.0491627057928754
2022-07-31,Coop_09,65933345.51729305,63666874.75808914,-0.0343751821088687
2022-08-31,Coop_09,63666874.75808914,62906751.43791239,-0.0119390707187205
2022-09-30,Coop_09,62906751.43791239,63498931.85101212,0.0094136225375458
2022-10-31,Coop_09,63498931.85101212,50392268.96987868,-0.2064076118931523
2022-11-30,Coop_09,50392268.96987868,56754669.184198365,0.1262574665594582
2022-12-31,Coop_09,56754669.184198365,57928141.48261,0.0206762247984057
2023-01-31,Coop_09,57928141.48261,56785110.61644744,-0.0197318753356811
2023-02-28,Coop_09,56785110.61644744,54549038.36617929,-0.0393777915723649
2023-03-31,Coop_09,54549038.36617929,54255352.508993775,-0.0053838869754961
2023-04-30,Coop_09,54255352.508993775,52795409.00859157,-0.0269087460110077
2023-05-31,Coop_09,52795409.00859157,53976138.35011597,0.0223642427191397
2023-06-30,Coop_09,53976138.35011597,55153938.5624784,0.021820757252448
2023-07-31,Coop_09,55153938.5624784,54590767.91947707,-0.0102108871583735
2023-08-31,Coop_09,54590767.91947707,58710920.17407649,0.0754734254824325
2023-09-30,Coop_09,58710920.17407649,57551928.08529633,-0.0197406561733962
2023-10-31,Coop_09,57551928.08529633,57656667.5657292,0.0018199126235638
2023-11-30,Coop_09,57656667.5657292,59292427.19829078,0.0283706933061435
2023-12-31,Coop_09,59292427.19829078,61499405.25608096,0.037221921281944
2024-01-31,Coop_09,61499405.25608096,64618358.556158826,0.050715178254012
2024-02-29,Coop_09,64618358.556158826,65975174.57668306,0.0209973767647633
2024-03-31,Coop_09,65975174.57668306,68797720.8356201,0.0427819445275797
2024-04-30,Coop_09,68797720.8356201,67608979.73857045,-0.0172787860209779
2024-05-31,Coop_09,67608979.73857045,70187104.07995053,0.0381328686122632
2024-06-30,Coop_09,70187104.07995053,72830737.87034695,0.0376655202554737
2024-07-31,Coop_09,72830737.87034695,77124185.14684707,0.0589510336163736
2024-08-31,Coop_09,77124185.14684707,73083243.43476774,-0.0523952597279989
2024-09-30,Coop_09,73083243.43476774,71201246.93866791,-0.0257514090460373
2024-10-31,Coop_09,71201246.93866791,73679757.64018387,0.0348099339278555
2024-11-30,Coop_09,73679757.64018387,67284519.9557541,-0.0867977567958488
2024-12-31,Coop_09,67284519.9557541,68846881.0481402,0.0232202160825921
2025-01-31,Coop_09,68846881.0481402,71813710.35564303,0.0430931548725979
2025-02-28,Coop_09,71813710.35564303,70795885.03984566,-0.0141731336642654
2025-03-31,Coop_09,70795885.03984566,70154711.48732224,-0.0090566500039169
2025-04-30,Coop_09,70154711.48732224,67938186.90697812,-0.0315948071533966
2025-05-31,Coop_09,67938186.90697812,67105662.2288812,-0.012254149190599
2025-06-30,Coop_09,67105662.2288812,66351401.45915138,-0.0112398975686615
2025-07-31,Coop_09,66351401.45915138,65163748.22418337,-0.0178994446062932
2025-08-31,Coop_09,65163748.22418337,63872285.08686166,-0.0198187362224573
2025-09-30,Coop_09,63872285.08686166,63649679.476572506,-0.0034851674710937
2025-10-31,Coop_09,63649679.476572506,63400895.09018382,-0.0039086510479641
2025-11-30,Coop_09,63400895.09018382,67940057.85961394,0.0715946164951369
2025-12-31,Coop_09,67940057.85961394,67410364.55669467,-0.0077964800090954
2026-01-31,Coop_09,67410364.55669467,68626801.94778639,0.0180452575667151
2026-02-28,Coop_09,68626801.94778639,67652925.60141338,-0.0141909038266705
2026-03-31,Coop_09,67652925.60141338,66662767.38449503,-0.0146358521544509
2026-04-30,Coop_09,66662767.38449503,63086112.00451702,-0.0536529688206417
2026-05-31,Coop_09,63086112.00451702,59995030.12771063,-0.0489978186733882
2026-06-30,Coop_09,59995030.12771063,57820513.87316121,-0.036244939787855
2026-07-31,Coop_09,57820513.87316121,58539187.5447947,0.0124293892166025
2020-01-31,Coop_10,50761736.55284586,47892010.18137245,-0.0565332584413431
2020-02-29,Coop_10,47892010.18137245,47258988.53084133,-0.0132176880472086
2020-03-31,Coop_10,47258988.53084133,34245851.21419161,-0.275357931288718
2020-04-30,Coop_10,34245851.21419161,35740748.7922559,0.0436519322797501
2020-05-31,Coop_10,35740748.7922559,35396176.37706516,-0.0096408840562792
2020-06-30,Coop_10,35396176.37706516,35549686.265816584,0.0043369059730104
2020-07-31,Coop_10,35549686.265816584,37573636.336201385,0.0569329938737311
2020-08-31,Coop_10,37573636.336201385,38401253.26065053,0.0220265325677769
2020-09-30,Coop_10,38401253.26065053,37610063.98523417,-0.0206032149535881
2020-10-31,Coop_10,37610063.98523417,38044912.86154355,0.0115620350042505
2020-11-30,Coop_10,38044912.86154355,37171241.28775183,-0.0229642153990801
2020-12-31,Coop_10,37171241.28775183,37941313.077818274,0.02071687044576
2021-01-31,Coop_10,37941313.077818274,38853304.83073878,0.0240369053925465
2021-02-28,Coop_10,38853304.83073878,37227271.11887134,-0.0418505895174458
2021-03-31,Coop_10,37227271.11887134,37678846.46524121,0.0121302296085021
2021-04-30,Coop_10,37678846.46524121,37749868.67825703,0.0018849359701426
2021-05-31,Coop_10,37749868.67825703,38696020.39786074,0.0250637089010239
2021-06-30,Coop_10,38696020.39786074,40054140.30578573,0.0350971467856697
2021-07-31,Coop_10,40054140.30578573,40963799.317759655,0.0227107361443612
2021-08-31,Coop_10,40963799.317759655,40774883.804784775,-0.0046117673682913
2021-09-30,Coop_10,40774883.804784775,42351507.91794212,0.0386665507302398
2021-10-31,Coop_10,42351507.91794212,41311473.58751803,-0.0245571971708588
2021-11-30,Coop_10,41311473.58751803,39649997.59826441,-0.0402182697679324
2021-12-31,Coop_10,39649997.59826441,35453638.755952924,-0.1058350339596281
2022-01-31,Coop_10,35453638.755952924,35579324.26971757,0.0035450666891995
2022-02-28,Coop_10,35579324.26971757,34769747.86426796,-0.0227541253822703
2022-03-31,Coop_10,34769747.86426796,35462410.1510294,0.0199214066626371
2022-04-30,Coop_10,35462410.1510294,33228528.00973646,-0.0629929587915528
2022-05-31,Coop_10,33228528.00973646,32675231.506589614,-0.0166512492814825
2022-06-30,Coop_10,32675231.506589614,33409099.1271938,0.0224594467052569
2022-07-31,Coop_10,33409099.1271938,32405347.295522045,-0.0300442651222143
2022-08-31,Coop_10,32405347.295522045,33063953.12680944,0.0203239862014501
2022-09-30,Coop_10,33063953.12680944,32617728.931483675,-0.0134957908273813
2022-10-31,Coop_10,32617728.931483675,24337894.743083235,-0.2538445949377082
2022-11-30,Coop_10,24337894.743083235,25295539.68964536,0.0393478958090359
2022-12-31,Coop_10,25295539.68964536,25529200.518937528,0.0092372343962212
2023-01-31,Coop_10,25529200.518937528,24955039.60056579,-0.022490360320756
2023-02-28,Coop_10,24955039.60056579,24704706.609944303,-0.0100313601832877
2023-03-31,Coop_10,24704706.609944303,25403687.68750825,0.0282934377080434
2023-04-30,Coop_10,25403687.68750825,24648083.565674376,-0.0297438754218913
2023-05-31,Coop_10,24648083.565674376,24642357.05466992,-0.0002323308824071
2023-06-30,Coop_10,24642357.05466992,24457392.916323937,-0.0075059434426516
2023-07-31,Coop_10,24457392.916323937,24515658.68267115,0.0023823375838363
2023-08-31,Coop_10,24515658.68267115,23796739.72471605,-0.0293248885237281
2023-09-30,Coop_10,23796739.72471605,22397061.84236561,-0.0588180523274238
2023-10-31,Coop_10,22397061.84236561,22939652.87349593,0.0242259915585876
2023-11-30,Coop_10,22939652.87349593,23851380.19701097,0.0397445998221026
2023-12-31,Coop_10,23851380.19701097,22498383.85801327,-0.0567261235124355
2024-01-31,Coop_10,22498383.85801327,22923882.64459369,0.0189124156324175
2024-02-29,Coop_10,22923882.64459369,23930502.471250143,0.0439114020195811
2024-03-31,Coop_10,23930502.471250143,24573201.263279334,0.0268568866366814
2024-04-30,Coop_10,24573201.263279334,24362278.265223537,-0.0085834562536622
2024-05-31,Coop_10,24362278.265223537,23703951.696241517,-0.0270223729412764
2024-06-30,Coop_10,23703951.696241517,23913357.923266795,0.0088342327772497
2024-07-31,Coop_10,23913357.923266795,24264226.118814908,0.0146724770596408
2024-08-31,Coop_10,24264226.118814908,24491175.804537665,0.0093532628904565
2024-09-30,Coop_10,24491175.804537665,24483713.04805058,-0.0003047120541147
2024-10-31,Coop_10,24483713.04805058,23702858.63128493,-0.0318928103442964
2024-11-30,Coop_10,23702858.63128493,24195738.0115624,0.0207940901958098
2024-12-31,Coop_10,24195738.0115624,24739655.95922564,0.0224799073044733
2025-01-31,Coop_10,24739655.95922564,25061983.35523327,0.0130287743911585
2025-02-28,Coop_10,25061983.35523327,25309715.486350607,0.0098847775774939
2025-03-31,Coop_10,25309715.486350607,26949120.2160596,0.0647737320711137
2025-04-30,Coop_10,26949120.2160596,26521888.87495206,-0.0158532574600688
2025-05-31,Coop_10,26521888.87495206,27870532.98213408,0.0508502284109829
2025-06-30,Coop_10,27870532.98213408,27321738.31875696,-0.0196908564227643
2025-07-31,Coop_10,27321738.31875696,28546114.756365787,0.0448132700534749
2025-08-31,Coop_10,28546114.756365787,29949666.251652174,0.049167864252819
2025-09-30,Coop_10,29949666.251652174,29822176.748383485,-0.0042567921190659
2025-10-31,Coop_10,29822176.748383485,31734783.490849584,0.0641337068921292
2025-11-30,Coop_10,31734783.490849584,32446158.52283109,0.0224162560361131
2025-12-31,Coop_10,32446158.52283109,31644591.249714542,-0.0247045354399199
2026-01-31,Coop_10,31644591.249714542,31420057.659963723,-0.0070954808036222
2026-02-28,Coop_10,31420057.659963723,32854278.99997516,0.0456466807137327
2026-03-31,Coop_10,32854278.99997516,34112836.55774196,0.0383072645656827
2026-04-30,Coop_10,34112836.55774196,33054267.00215753,-0.0310314140482751
2026-05-31,Coop_10,33054267.00215753,33091485.91090032,0.0011259940733325
2026-06-30,Coop_10,33091485.91090032,33525755.553463984,0.0131233043971778
2026-07-31,Coop_10,33525755.553463984,33131286.128793977,-0.0117661606176463
